sourcing_cost,Date,month_name,month_num,Anomaly,source_outlier_treated,y_hat,label
8.97,2020-07-01,July,7,0,8.97,14.5292,NTM3_X1_A28_WHOLESALE_Large_Powder
14.67,2020-08-01,August,8,0,14.67,14.5994,NTM3_X1_A28_WHOLESALE_Large_Powder
29.21,2020-09-01,September,9,0,29.21,18.7155,NTM3_X1_A28_WHOLESALE_Large_Powder
79.21,2020-10-01,October,10,1,62.01250000000001,26.3824,NTM3_X1_A28_WHOLESALE_Large_Powder
19.29,2020-11-01,November,11,0,19.29,38.2571,NTM3_X1_A28_WHOLESALE_Large_Powder
16.15,2020-12-01,December,12,0,16.15,21.3588,NTM3_X1_A28_WHOLESALE_Large_Powder
23.79,2021-01-01,January,1,0,23.79,19.5806,NTM3_X1_A28_WHOLESALE_Large_Powder
80.17,2021-02-01,February,2,1,62.01250000000001,23.7646,NTM3_X1_A28_WHOLESALE_Large_Powder
37.07,2021-03-01,March,3,0,37.07,38.1846,NTM3_X1_A28_WHOLESALE_Large_Powder
14.75,2021-04-01,April,4,0,14.75,29.4559,NTM3_X1_A28_WHOLESALE_Large_Powder
31.08,2021-05-01,May,5,0,31.08,18.6234,NTM3_X1_A28_WHOLESALE_Large_Powder
136.43,2020-07-01,July,7,0,136.43,135.3605,NTM2_X1_A9_DIRECT_Large_Powder
138.14,2020-08-01,August,8,0,138.14,136.1566,NTM2_X1_A9_DIRECT_Large_Powder
136.95,2020-09-01,September,9,0,136.95,137.8078,NTM2_X1_A9_DIRECT_Large_Powder
135.19,2020-10-01,October,10,0,135.19,137.9833,NTM2_X1_A9_DIRECT_Large_Powder
141.21,2020-11-01,November,11,0,141.21,137.8995,NTM2_X1_A9_DIRECT_Large_Powder
149.64,2020-12-01,December,12,0,149.64,141.68,NTM2_X1_A9_DIRECT_Large_Powder
146.64,2021-01-01,January,1,0,146.64,146.6911,NTM2_X1_A9_DIRECT_Large_Powder
152.37,2021-02-01,February,2,0,152.37,145.9837,NTM2_X1_A9_DIRECT_Large_Powder
145.84,2021-03-01,March,3,0,145.84,149.562,NTM2_X1_A9_DIRECT_Large_Powder
149.09,2021-04-01,April,4,0,149.09,147.082,NTM2_X1_A9_DIRECT_Large_Powder
148.48,2021-05-01,May,5,0,148.48,149.4666,NTM2_X1_A9_DIRECT_Large_Powder
58.45,2020-07-01,July,7,0,58.45,58.45,NTM3_X2_A20_DIRECT_Large_Powder
75.48,2020-08-01,August,8,0,75.48,58.45,NTM3_X2_A20_DIRECT_Large_Powder
52.29,2020-09-01,September,9,0,52.29,51.7236,NTM3_X2_A20_DIRECT_Large_Powder
62.11,2020-10-01,October,10,0,62.11,52.29,NTM3_X2_A20_DIRECT_Large_Powder
80.96,2020-11-01,November,11,0,80.96,57.1773,NTM3_X2_A20_DIRECT_Large_Powder
30.09,2020-12-01,December,12,0,30.09,49.4883,NTM3_X2_A20_DIRECT_Large_Powder
62.55,2021-01-01,January,1,0,62.55,30.09,NTM3_X2_A20_DIRECT_Large_Powder
53.01,2021-02-01,February,2,0,53.01,56.9978,NTM3_X2_A20_DIRECT_Large_Powder
74.4,2021-03-01,March,3,0,74.4,53.01,NTM3_X2_A20_DIRECT_Large_Powder
57.77,2021-04-01,April,4,0,57.77,52.1642,NTM3_X2_A20_DIRECT_Large_Powder
8.01,2021-05-01,May,5,1,28.912500000000005,57.77,NTM3_X2_A20_DIRECT_Large_Powder
103.99,2020-07-01,July,7,0,103.99,105.7244,NTM3_X1_A18_WHOLESALE_Small_Powder
104.44,2020-08-01,August,8,0,104.44,104.674,NTM3_X1_A18_WHOLESALE_Small_Powder
104.16,2020-09-01,September,9,0,104.16,104.9466,NTM3_X1_A18_WHOLESALE_Small_Powder
104.52,2020-10-01,October,10,0,104.52,104.777,NTM3_X1_A18_WHOLESALE_Small_Powder
104.57,2020-11-01,November,11,0,104.57,104.995,NTM3_X1_A18_WHOLESALE_Small_Powder
107.62,2020-12-01,December,12,0,107.62,105.0253,NTM3_X1_A18_WHOLESALE_Small_Powder
106.93,2021-01-01,January,1,0,106.93,107.62,NTM3_X1_A18_WHOLESALE_Small_Powder
106.89,2021-02-01,February,2,0,106.89,106.93,NTM3_X1_A18_WHOLESALE_Small_Powder
105.32,2021-03-01,March,3,0,105.32,106.89,NTM3_X1_A18_WHOLESALE_Small_Powder
106.4,2021-04-01,April,4,0,106.4,105.4795,NTM3_X1_A18_WHOLESALE_Small_Powder
107.72,2021-05-01,May,5,0,107.72,106.4,NTM3_X1_A18_WHOLESALE_Small_Powder
209.96,2020-07-01,July,7,0,209.96,209.96,NTM2_X1_A28_DIRECT_Large_Liquid
210.67,2020-08-01,August,8,0,210.67,209.96,NTM2_X1_A28_DIRECT_Large_Liquid
196.94,2020-09-01,September,9,0,196.94,210.67,NTM2_X1_A28_DIRECT_Large_Liquid
134.13,2020-10-01,October,10,1,172.18,201.505,NTM2_X1_A28_DIRECT_Large_Liquid
195.96,2020-11-01,November,11,0,195.96,189.0648,NTM2_X1_A28_DIRECT_Large_Liquid
198.42,2020-12-01,December,12,0,198.42,201.0126,NTM2_X1_A28_DIRECT_Large_Liquid
216.01,2021-01-01,January,1,0,216.01,202.2485,NTM2_X1_A28_DIRECT_Large_Liquid
216.81,2021-02-01,February,2,0,216.81,216.01,NTM2_X1_A28_DIRECT_Large_Liquid
214.31,2021-03-01,March,3,0,214.31,216.81,NTM2_X1_A28_DIRECT_Large_Liquid
208.69,2021-04-01,April,4,0,208.69,214.31,NTM2_X1_A28_DIRECT_Large_Liquid
215.05,2021-05-01,May,5,0,215.05,208.69,NTM2_X1_A28_DIRECT_Large_Liquid
135.12,2020-07-01,July,7,0,135.12,136.9496,NTM1_X1_A10_DIRECT_Large_Powder
138.83,2020-08-01,August,8,0,138.83,139.2655,NTM1_X1_A10_DIRECT_Large_Powder
138.31,2020-09-01,September,9,0,138.31,141.5813,NTM1_X1_A10_DIRECT_Large_Powder
136.41,2020-10-01,October,10,0,136.41,143.8225,NTM1_X1_A10_DIRECT_Large_Powder
159.71,2020-11-01,November,11,0,159.71,146.1383,NTM1_X1_A10_DIRECT_Large_Powder
161.93,2020-12-01,December,12,0,161.93,159.71,NTM1_X1_A10_DIRECT_Large_Powder
160.82,2021-01-01,January,1,0,160.82,161.93,NTM1_X1_A10_DIRECT_Large_Powder
169.95,2021-02-01,February,2,0,169.95,160.82,NTM1_X1_A10_DIRECT_Large_Powder
148.6,2021-03-01,March,3,0,148.6,169.95,NTM1_X1_A10_DIRECT_Large_Powder
152.54,2021-04-01,April,4,0,152.54,157.4184,NTM1_X1_A10_DIRECT_Large_Powder
154.2,2021-05-01,May,5,0,154.2,159.6592,NTM1_X1_A10_DIRECT_Large_Powder
107.66,2020-07-01,July,7,0,107.66,109.682,NTM2_X1_A19_DIRECT_Large_Powder
107.47,2020-08-01,August,8,0,107.47,109.466,NTM2_X1_A19_DIRECT_Large_Powder
111.69,2020-09-01,September,9,0,111.69,109.3593,NTM2_X1_A19_DIRECT_Large_Powder
111.35,2020-10-01,October,10,0,111.35,111.7131,NTM2_X1_A19_DIRECT_Large_Powder
124.76,2020-11-01,November,11,0,124.76,111.5247,NTM2_X1_A19_DIRECT_Large_Powder
114.15,2020-12-01,December,12,0,114.15,118.8101,NTM2_X1_A19_DIRECT_Large_Powder
121.62,2021-01-01,January,1,0,121.62,113.0705,NTM2_X1_A19_DIRECT_Large_Powder
116.63,2021-02-01,February,2,0,116.63,117.13,NTM2_X1_A19_DIRECT_Large_Powder
164.06,2021-03-01,March,3,1,136.465,114.4284,NTM2_X1_A19_DIRECT_Large_Powder
56.79,2021-04-01,April,4,1,90.225,124.9488,NTM2_X1_A19_DIRECT_Large_Powder
28.3,2021-05-01,May,5,1,90.225,99.3621,NTM2_X1_A19_DIRECT_Large_Powder
56.52,2020-07-01,July,7,0,56.52,66.5858,NTM2_X1_A29_DIRECT_Small_Powder
56.52,2020-08-01,August,8,0,56.52,56.6418,NTM2_X1_A29_DIRECT_Small_Powder
56.52,2020-09-01,September,9,0,56.52,66.6666,NTM2_X1_A29_DIRECT_Small_Powder
47.61,2020-10-01,October,10,0,47.61,56.7656,NTM2_X1_A29_DIRECT_Small_Powder
56.52,2020-11-01,November,11,0,56.52,57.8934,NTM2_X1_A29_DIRECT_Small_Powder
110.15,2020-12-01,December,12,0,110.15,61.3281,NTM2_X1_A29_DIRECT_Small_Powder
130.93,2021-01-01,January,1,0,130.93,115.758,NTM2_X1_A29_DIRECT_Small_Powder
118.62,2021-02-01,February,2,0,118.62,108.6919,NTM2_X1_A29_DIRECT_Small_Powder
121.47,2021-03-01,March,3,0,121.47,113.6057,NTM2_X1_A29_DIRECT_Small_Powder
56.52,2021-04-01,April,4,0,56.52,105.1823,NTM2_X1_A29_DIRECT_Small_Powder
56.52,2021-05-01,May,5,0,56.52,50.2259,NTM2_X1_A29_DIRECT_Small_Powder
149.98,2020-07-01,July,7,0,149.98,155.9527,NTM3_X1_A18_RETAIL_Large_Liquid
155.65,2020-08-01,August,8,0,155.65,153.375,NTM3_X1_A18_RETAIL_Large_Liquid
155.12,2020-09-01,September,9,0,155.12,155.822,NTM3_X1_A18_RETAIL_Large_Liquid
153.52,2020-10-01,October,10,0,153.52,155.5933,NTM3_X1_A18_RETAIL_Large_Liquid
155.21,2020-11-01,November,11,0,155.21,154.9028,NTM3_X1_A18_RETAIL_Large_Liquid
159.3,2020-12-01,December,12,0,159.3,155.6321,NTM3_X1_A18_RETAIL_Large_Liquid
159.35,2021-01-01,January,1,0,159.35,159.3,NTM3_X1_A18_RETAIL_Large_Liquid
159.24,2021-02-01,February,2,0,159.24,159.35,NTM3_X1_A18_RETAIL_Large_Liquid
154.49,2021-03-01,March,3,0,154.49,159.24,NTM3_X1_A18_RETAIL_Large_Liquid
157.34,2021-04-01,April,4,0,157.34,155.3214,NTM3_X1_A18_RETAIL_Large_Liquid
158.71,2021-05-01,May,5,0,158.71,157.34,NTM3_X1_A18_RETAIL_Large_Liquid
136.2,2020-07-01,July,7,0,136.2,137.3667,NTM2_X1_A7_ECOM_Small_Powder
137.66,2020-08-01,August,8,0,137.66,138.3693,NTM2_X1_A7_ECOM_Small_Powder
134.26,2020-09-01,September,9,0,134.26,139.3719,NTM2_X1_A7_ECOM_Small_Powder
135.86,2020-10-01,October,10,0,135.86,140.3745,NTM2_X1_A7_ECOM_Small_Powder
150.16,2020-11-01,November,11,0,150.16,141.3771,NTM2_X1_A7_ECOM_Small_Powder
145.54,2020-12-01,December,12,0,145.54,142.3797,NTM2_X1_A7_ECOM_Small_Powder
143.1,2021-01-01,January,1,0,143.1,143.3823,NTM2_X1_A7_ECOM_Small_Powder
157.87,2021-02-01,February,2,1,155.76749999999993,144.3849,NTM2_X1_A7_ECOM_Small_Powder
141.96,2021-03-01,March,3,0,141.96,145.3875,NTM2_X1_A7_ECOM_Small_Powder
142.28,2021-04-01,April,4,0,142.28,146.3901,NTM2_X1_A7_ECOM_Small_Powder
143.39,2021-05-01,May,5,0,143.39,147.3927,NTM2_X1_A7_ECOM_Small_Powder
152.62,2020-07-01,July,7,0,152.62,162.7956,NTM1_X1_A2_DIRECT_Large_Powder
162.65,2020-08-01,August,8,0,162.65,159.6818,NTM1_X1_A2_DIRECT_Large_Powder
160.38,2020-09-01,September,9,0,160.38,162.7511,NTM1_X1_A2_DIRECT_Large_Powder
159.8,2020-10-01,October,10,0,159.8,162.0564,NTM1_X1_A2_DIRECT_Large_Powder
146.72,2020-11-01,November,11,1,149.5075,161.879,NTM1_X1_A2_DIRECT_Large_Powder
166.19,2020-12-01,December,12,0,166.19,158.7294,NTM1_X1_A2_DIRECT_Large_Powder
169.61,2021-01-01,January,1,0,169.61,166.19,NTM1_X1_A2_DIRECT_Large_Powder
167.24,2021-02-01,February,2,0,167.24,169.61,NTM1_X1_A2_DIRECT_Large_Powder
165.4,2021-03-01,March,3,0,165.4,167.24,NTM1_X1_A2_DIRECT_Large_Powder
167.05,2021-04-01,April,4,0,167.05,165.4,NTM1_X1_A2_DIRECT_Large_Powder
171.04,2021-05-01,May,5,0,171.04,167.05,NTM1_X1_A2_DIRECT_Large_Powder
134.19,2020-07-01,July,7,0,134.19,132.2592,NTM2_X1_A8_DIRECT_Large_Liquid
140.04,2020-08-01,August,8,0,140.04,133.5278,NTM2_X1_A8_DIRECT_Large_Liquid
138.01,2020-09-01,September,9,0,138.01,137.7214,NTM2_X1_A8_DIRECT_Large_Liquid
114.93,2020-10-01,October,10,1,117.01999999999995,137.9342,NTM2_X1_A8_DIRECT_Large_Liquid
150.34,2020-11-01,November,11,0,150.34,128.7078,NTM2_X1_A8_DIRECT_Large_Liquid
149.58,2020-12-01,December,12,0,149.58,146.5955,NTM2_X1_A8_DIRECT_Large_Liquid
154.2,2021-01-01,January,1,0,154.2,147.4841,NTM2_X1_A8_DIRECT_Large_Liquid
154.07,2021-02-01,February,2,0,154.07,151.0628,NTM2_X1_A8_DIRECT_Large_Liquid
153.81,2021-03-01,March,3,0,153.81,152.1436,NTM2_X1_A8_DIRECT_Large_Liquid
153.58,2021-04-01,April,4,0,153.58,153.2823,NTM2_X1_A8_DIRECT_Large_Liquid
152.89,2021-05-01,May,5,0,152.89,154.395,NTM2_X1_A8_DIRECT_Large_Liquid
158.79,2020-07-01,July,7,0,158.79,158.79,NTM2_X1_A2_DIRECT_Large_Powder
160.46,2020-08-01,August,8,0,160.46,158.79,NTM2_X1_A2_DIRECT_Large_Powder
161.92,2020-09-01,September,9,0,161.92,160.46,NTM2_X1_A2_DIRECT_Large_Powder
141.1,2020-10-01,October,10,1,143.70749999999998,161.92,NTM2_X1_A2_DIRECT_Large_Powder
165.62,2020-11-01,November,11,0,165.62,163.7167,NTM2_X1_A2_DIRECT_Large_Powder
170.05,2020-12-01,December,12,0,170.05,165.7163,NTM2_X1_A2_DIRECT_Large_Powder
173.0,2021-01-01,January,1,0,173.0,170.05,NTM2_X1_A2_DIRECT_Large_Powder
172.69,2021-02-01,February,2,0,172.69,173.0,NTM2_X1_A2_DIRECT_Large_Powder
170.93,2021-03-01,March,3,0,170.93,172.69,NTM2_X1_A2_DIRECT_Large_Powder
173.05,2021-04-01,April,4,0,173.05,173.6282,NTM2_X1_A2_DIRECT_Large_Powder
173.44,2021-05-01,May,5,0,173.44,175.6789,NTM2_X1_A2_DIRECT_Large_Powder
134.7,2020-07-01,July,7,0,134.7,135.245,NTM1_X1_A4_DIRECT_Large_Powder
137.42,2020-08-01,August,8,0,137.42,135.7311,NTM1_X1_A4_DIRECT_Large_Powder
136.59,2020-09-01,September,9,0,136.59,137.5839,NTM1_X1_A4_DIRECT_Large_Powder
135.31,2020-10-01,October,10,0,135.31,137.6539,NTM1_X1_A4_DIRECT_Large_Powder
141.22,2020-11-01,November,11,0,141.22,137.4894,NTM1_X1_A4_DIRECT_Large_Powder
144.81,2020-12-01,December,12,0,144.81,140.9507,NTM1_X1_A4_DIRECT_Large_Powder
142.29,2021-01-01,January,1,0,142.29,143.2262,NTM1_X1_A4_DIRECT_Large_Powder
145.44,2021-02-01,February,2,0,145.44,142.4637,NTM1_X1_A4_DIRECT_Large_Powder
142.78,2021-03-01,March,3,0,142.78,144.5249,NTM1_X1_A4_DIRECT_Large_Powder
143.85,2021-04-01,April,4,0,143.85,143.6839,NTM1_X1_A4_DIRECT_Large_Powder
143.09,2021-05-01,May,5,0,143.09,144.7081,NTM1_X1_A4_DIRECT_Large_Powder
134.83,2020-07-01,July,7,0,134.83,141.4378,NTM2_X1_A6_DIRECT_Large_Powder
137.33,2020-08-01,August,8,0,137.33,141.5039,NTM2_X1_A6_DIRECT_Large_Powder
137.09,2020-09-01,September,9,0,137.09,141.5456,NTM2_X1_A6_DIRECT_Large_Powder
162.36,2020-10-01,October,10,1,151.59124999999997,141.5902,NTM2_X1_A6_DIRECT_Large_Powder
143.27,2020-11-01,November,11,0,143.27,151.5912,NTM2_X1_A6_DIRECT_Large_Powder
,2020-12-01,December,12,0,,143.27,NTM2_X1_A6_DIRECT_Large_Powder
142.45,2021-01-01,January,1,0,142.45,141.8774,NTM2_X1_A6_DIRECT_Large_Powder
142.6,2021-02-01,February,2,0,142.6,142.45,NTM2_X1_A6_DIRECT_Large_Powder
143.57,2021-03-01,March,3,0,143.57,142.6,NTM2_X1_A6_DIRECT_Large_Powder
144.25,2021-04-01,April,4,0,144.25,143.57,NTM2_X1_A6_DIRECT_Large_Powder
140.4,2021-05-01,May,5,0,140.4,144.25,NTM2_X1_A6_DIRECT_Large_Powder
135.25,2020-07-01,July,7,0,135.25,143.319,NTM1_X1_A7_DIRECT_Large_Liquid
175.95,2020-08-01,August,8,0,175.95,145.6946,NTM1_X1_A7_DIRECT_Large_Liquid
136.25,2020-09-01,September,9,0,136.25,159.4591,NTM1_X1_A7_DIRECT_Large_Liquid
135.28,2020-10-01,October,10,0,135.28,146.0898,NTM1_X1_A7_DIRECT_Large_Liquid
155.23,2020-11-01,November,11,0,155.23,145.7065,NTM1_X1_A7_DIRECT_Large_Liquid
159.5,2020-12-01,December,12,0,159.5,153.0207,NTM1_X1_A7_DIRECT_Large_Liquid
163.24,2021-01-01,January,1,0,163.24,154.439,NTM1_X1_A7_DIRECT_Large_Liquid
151.06,2021-02-01,February,2,0,151.06,155.6412,NTM1_X1_A7_DIRECT_Large_Liquid
155.65,2021-03-01,March,3,0,155.65,151.5873,NTM1_X1_A7_DIRECT_Large_Liquid
151.7,2021-04-01,April,4,0,151.7,153.1624,NTM1_X1_A7_DIRECT_Large_Liquid
146.42,2021-05-01,May,5,0,146.42,151.8105,NTM1_X1_A7_DIRECT_Large_Liquid
136.29,2020-07-01,July,7,0,136.29,136.29,NTM2_X1_A7_ECOM_Large_Powder
137.19,2020-08-01,August,8,0,137.19,136.29,NTM2_X1_A7_ECOM_Large_Powder
137.32,2020-09-01,September,9,0,137.32,137.19,NTM2_X1_A7_ECOM_Large_Powder
221.31,2020-10-01,October,10,1,156.67249999999996,137.32,NTM2_X1_A7_ECOM_Large_Powder
155.01,2020-11-01,November,11,0,155.01,147.8692,NTM2_X1_A7_ECOM_Large_Powder
144.7,2020-12-01,December,12,0,144.7,147.343,NTM2_X1_A7_ECOM_Large_Powder
142.47,2021-01-01,January,1,0,142.47,144.0799,NTM2_X1_A7_ECOM_Large_Powder
148.26,2021-02-01,February,2,0,148.26,142.47,NTM2_X1_A7_ECOM_Large_Powder
142.24,2021-03-01,March,3,0,142.24,145.2066,NTM2_X1_A7_ECOM_Large_Powder
142.05,2021-04-01,April,4,0,142.05,142.24,NTM2_X1_A7_ECOM_Large_Powder
143.15,2021-05-01,May,5,0,143.15,142.05,NTM2_X1_A7_ECOM_Large_Powder
133.95,2020-07-01,July,7,0,133.95,142.7099,NTM1_X1_A8_DIRECT_Large_Liquid
136.66,2020-08-01,August,8,0,136.66,135.4331,NTM1_X1_A8_DIRECT_Large_Liquid
137.82,2020-09-01,September,9,0,137.82,137.6843,NTM1_X1_A8_DIRECT_Large_Liquid
138.13,2020-10-01,October,10,0,138.13,138.6479,NTM1_X1_A8_DIRECT_Large_Liquid
135.28,2020-11-01,November,11,0,135.28,138.9054,NTM1_X1_A8_DIRECT_Large_Liquid
145.33,2020-12-01,December,12,0,145.33,136.5379,NTM1_X1_A8_DIRECT_Large_Liquid
151.66,2021-01-01,January,1,0,151.66,145.33,NTM1_X1_A8_DIRECT_Large_Liquid
149.25,2021-02-01,February,2,0,149.25,151.66,NTM1_X1_A8_DIRECT_Large_Liquid
148.35,2021-03-01,March,3,0,148.35,149.25,NTM1_X1_A8_DIRECT_Large_Liquid
149.95,2021-04-01,April,4,0,149.95,148.35,NTM1_X1_A8_DIRECT_Large_Liquid
150.09,2021-05-01,May,5,0,150.09,149.95,NTM1_X1_A8_DIRECT_Large_Liquid
41.48,2020-07-01,July,7,0,41.48,35.6916,NTM1_X2_A30_RETAIL_Small_Powder
41.99,2020-08-01,August,8,0,41.99,40.8272,NTM1_X2_A30_RETAIL_Small_Powder
41.22,2020-09-01,September,9,0,41.22,41.2797,NTM1_X2_A30_RETAIL_Small_Powder
42.39,2020-10-01,October,10,0,42.39,40.5965,NTM1_X2_A30_RETAIL_Small_Powder
41.69,2020-11-01,November,11,0,41.69,41.6346,NTM1_X2_A30_RETAIL_Small_Powder
37.32,2020-12-01,December,12,0,37.32,41.0135,NTM1_X2_A30_RETAIL_Small_Powder
33.35,2021-01-01,January,1,0,33.35,37.1364,NTM1_X2_A30_RETAIL_Small_Powder
30.14,2021-02-01,February,2,0,30.14,33.35,NTM1_X2_A30_RETAIL_Small_Powder
28.24,2021-03-01,March,3,0,28.24,30.14,NTM1_X2_A30_RETAIL_Small_Powder
25.18,2021-04-01,April,4,0,25.18,28.24,NTM1_X2_A30_RETAIL_Small_Powder
29.87,2021-05-01,May,5,0,29.87,25.18,NTM1_X2_A30_RETAIL_Small_Powder
134.45,2020-07-01,July,7,0,134.45,137.655,NTM1_X1_A7_ECOM_Small_Powder
137.17,2020-08-01,August,8,0,137.17,137.687,NTM1_X1_A7_ECOM_Small_Powder
136.18,2020-09-01,September,9,0,136.18,139.0658,NTM1_X1_A7_ECOM_Small_Powder
136.7,2020-10-01,October,10,0,136.7,138.5947,NTM1_X1_A7_ECOM_Small_Powder
143.18,2020-11-01,November,11,0,143.18,138.8762,NTM1_X1_A7_ECOM_Small_Powder
156.01,2020-12-01,December,12,1,153.56,142.1056,NTM1_X1_A7_ECOM_Small_Powder
142.37,2021-01-01,January,1,0,142.37,147.233,NTM1_X1_A7_ECOM_Small_Powder
144.15,2021-02-01,February,2,0,144.15,141.6306,NTM1_X1_A7_ECOM_Small_Powder
142.58,2021-03-01,March,3,0,142.58,142.5043,NTM1_X1_A7_ECOM_Small_Powder
140.23,2021-04-01,April,4,0,140.23,141.7107,NTM1_X1_A7_ECOM_Small_Powder
143.99,2021-05-01,May,5,0,143.99,140.5388,NTM1_X1_A7_ECOM_Small_Powder
42.8,2020-07-01,July,7,0,42.8,90.0141,NTM3_X1_A35_DIRECT_Small_Liquid
43.0,2020-08-01,August,8,0,43.0,72.3094,NTM3_X1_A35_DIRECT_Small_Liquid
42.61,2020-09-01,September,9,0,42.61,72.3844,NTM3_X1_A35_DIRECT_Small_Liquid
123.84,2020-10-01,October,10,0,123.84,72.2382,NTM3_X1_A35_DIRECT_Small_Liquid
135.91,2020-11-01,November,11,0,135.91,123.84,NTM3_X1_A35_DIRECT_Small_Liquid
75.91,2020-12-01,December,12,0,75.91,135.91,NTM3_X1_A35_DIRECT_Small_Liquid
136.31,2021-01-01,January,1,0,136.31,84.7252,NTM3_X1_A35_DIRECT_Small_Liquid
153.67,2021-02-01,February,2,0,153.67,136.31,NTM3_X1_A35_DIRECT_Small_Liquid
188.62,2021-03-01,March,3,0,188.62,153.67,NTM3_X1_A35_DIRECT_Small_Liquid
54.98,2021-04-01,April,4,0,54.98,188.62,NTM3_X1_A35_DIRECT_Small_Liquid
46.77,2021-05-01,May,5,0,46.77,76.8767,NTM3_X1_A35_DIRECT_Small_Liquid
136.87,2020-07-01,July,7,0,136.87,136.2814,NTM1_X1_A9_DIRECT_Large_Powder
140.14,2020-08-01,August,8,0,140.14,137.0938,NTM1_X1_A9_DIRECT_Large_Powder
137.14,2020-09-01,September,9,0,137.14,139.539,NTM1_X1_A9_DIRECT_Large_Powder
135.78,2020-10-01,October,10,0,135.78,138.8152,NTM1_X1_A9_DIRECT_Large_Powder
144.79,2020-11-01,November,11,0,144.79,138.9205,NTM1_X1_A9_DIRECT_Large_Powder
144.43,2020-12-01,December,12,0,144.43,144.2459,NTM1_X1_A9_DIRECT_Large_Powder
177.47,2021-01-01,January,1,1,163.87750000000005,144.8776,NTM1_X1_A9_DIRECT_Large_Powder
149.22,2021-02-01,February,2,0,149.22,155.1826,NTM1_X1_A9_DIRECT_Large_Powder
146.16,2021-03-01,March,3,0,146.16,148.8153,NTM1_X1_A9_DIRECT_Large_Powder
150.9,2021-04-01,April,4,0,150.9,148.0828,NTM1_X1_A9_DIRECT_Large_Powder
148.25,2021-05-01,May,5,0,148.25,151.2485,NTM1_X1_A9_DIRECT_Large_Powder
173.29,2020-09-01,September,9,1,153.87,151.5959,NTM1_X1_A10_ECOM_Large_Powder
,2020-10-01,October,10,0,,152.6719,NTM1_X1_A10_ECOM_Large_Powder
145.68,2020-11-01,November,11,0,145.68,149.6165,NTM1_X1_A10_ECOM_Large_Powder
145.45,2020-12-01,December,12,0,145.45,146.4869,NTM1_X1_A10_ECOM_Large_Powder
148.66,2021-01-01,January,1,0,148.66,146.7495,NTM1_X1_A10_ECOM_Large_Powder
150.99,2021-02-01,February,2,0,150.99,149.2055,NTM1_X1_A10_ECOM_Large_Powder
148.2,2021-03-01,March,3,0,148.2,150.5949,NTM1_X1_A10_ECOM_Large_Powder
149.79,2021-04-01,April,4,0,149.79,148.0491,NTM1_X1_A10_ECOM_Large_Powder
149.62,2021-05-01,May,5,0,149.62,150.2307,NTM1_X1_A10_ECOM_Large_Powder
134.79,2020-07-01,July,7,0,134.79,130.7557,NTM1_X1_A7_DIRECT_Large_Powder
137.32,2020-08-01,August,8,0,137.32,134.414,NTM1_X1_A7_DIRECT_Large_Powder
136.15,2020-09-01,September,9,0,136.15,137.32,NTM1_X1_A7_DIRECT_Large_Powder
137.23,2020-10-01,October,10,0,137.23,136.15,NTM1_X1_A7_DIRECT_Large_Powder
152.76,2020-11-01,November,11,0,152.76,137.23,NTM1_X1_A7_DIRECT_Large_Powder
162.18,2020-12-01,December,12,0,162.18,148.811,NTM1_X1_A7_DIRECT_Large_Powder
167.5,2021-01-01,January,1,0,167.5,152.4692,NTM1_X1_A7_DIRECT_Large_Powder
151.36,2021-02-01,February,2,0,151.36,156.1272,NTM1_X1_A7_DIRECT_Large_Powder
166.03,2021-03-01,March,3,0,166.03,151.36,NTM1_X1_A7_DIRECT_Large_Powder
164.76,2021-04-01,April,4,0,164.76,163.0864,NTM1_X1_A7_DIRECT_Large_Powder
164.82,2021-05-01,May,5,0,164.82,164.76,NTM1_X1_A7_DIRECT_Large_Powder
22.14,2020-07-01,July,7,0,22.14,27.1088,NTM1_X2_A44_DIRECT_Large_Liquid
57.13,2020-08-01,August,8,1,54.9675,29.0696,NTM1_X2_A44_DIRECT_Large_Liquid
25.61,2020-09-01,September,9,0,25.61,35.8572,NTM1_X2_A44_DIRECT_Large_Liquid
32.35,2020-10-01,October,10,0,32.35,30.6183,NTM1_X2_A44_DIRECT_Large_Liquid
24.75,2020-11-01,November,11,0,24.75,32.9554,NTM1_X2_A44_DIRECT_Large_Liquid
38.55,2020-12-01,December,12,0,38.55,30.2586,NTM1_X2_A44_DIRECT_Large_Liquid
35.64,2021-01-01,January,1,0,35.64,34.4473,NTM1_X2_A44_DIRECT_Large_Liquid
44.01,2021-02-01,February,2,0,44.01,33.8191,NTM1_X2_A44_DIRECT_Large_Liquid
24.22,2021-03-01,March,3,0,24.22,35.306,NTM1_X2_A44_DIRECT_Large_Liquid
26.94,2021-04-01,April,4,0,26.94,30.0292,NTM1_X2_A44_DIRECT_Large_Liquid
32.15,2021-05-01,May,5,0,32.15,31.1455,NTM1_X2_A44_DIRECT_Large_Liquid
26.0,2020-07-01,July,7,0,26.0,26.143,NTM1_X2_A45_DIRECT_Large_Powder
26.3,2020-08-01,August,8,0,26.3,26.163,NTM1_X2_A45_DIRECT_Large_Powder
26.1,2020-09-01,September,9,0,26.1,26.2924,NTM1_X2_A45_DIRECT_Large_Powder
26.18,2020-10-01,October,10,0,26.18,26.2063,NTM1_X2_A45_DIRECT_Large_Powder
26.97,2020-11-01,November,11,1,26.962499999999995,26.2408,NTM1_X2_A45_DIRECT_Large_Powder
27.3,2020-12-01,December,12,1,26.962499999999995,26.5743,NTM1_X2_A45_DIRECT_Large_Powder
20.25,2021-01-01,January,1,1,25.542500000000008,26.5743,NTM1_X2_A45_DIRECT_Large_Powder
26.51,2021-02-01,February,2,0,26.51,25.9634,NTM1_X2_A45_DIRECT_Large_Powder
26.35,2021-03-01,March,3,0,26.35,26.3824,NTM1_X2_A45_DIRECT_Large_Powder
26.13,2021-04-01,April,4,0,26.13,26.3139,NTM1_X2_A45_DIRECT_Large_Powder
26.05,2021-05-01,May,5,0,26.05,26.2192,NTM1_X2_A45_DIRECT_Large_Powder
160.84,2020-11-01,November,11,1,170.06999999999994,170.9314,NTM1_X1_A2_ECOM_Small_Powder
173.45,2020-12-01,December,12,0,173.45,171.1486,NTM1_X1_A2_ECOM_Small_Powder
173.52,2021-01-01,January,1,0,173.52,173.0557,NTM1_X1_A2_ECOM_Small_Powder
174.77,2021-02-01,February,2,0,174.77,173.3079,NTM1_X1_A2_ECOM_Small_Powder
171.76,2021-03-01,March,3,0,171.76,174.15,NTM1_X1_A2_ECOM_Small_Powder
173.27,2021-04-01,April,4,0,173.27,172.8621,NTM1_X1_A2_ECOM_Small_Powder
174.83,2021-05-01,May,5,0,174.83,173.8343,NTM1_X1_A2_ECOM_Small_Powder
136.64,2020-07-01,July,7,0,136.64,135.102,NTM1_X1_A9_DIRECT_Large_Liquid
137.84,2020-08-01,August,8,0,137.84,135.962,NTM1_X1_A9_DIRECT_Large_Liquid
137.13,2020-09-01,September,9,0,137.13,137.4159,NTM1_X1_A9_DIRECT_Large_Liquid
135.82,2020-10-01,October,10,0,135.82,137.885,NTM1_X1_A9_DIRECT_Large_Liquid
141.76,2020-11-01,November,11,0,141.76,138.068,NTM1_X1_A9_DIRECT_Large_Liquid
144.32,2020-12-01,December,12,0,144.32,141.8849,NTM1_X1_A9_DIRECT_Large_Liquid
148.46,2021-01-01,January,1,0,148.46,144.0206,NTM1_X1_A9_DIRECT_Large_Liquid
150.31,2021-02-01,February,2,0,150.31,146.9379,NTM1_X1_A9_DIRECT_Large_Liquid
146.14,2021-03-01,March,3,0,146.14,148.5868,NTM1_X1_A9_DIRECT_Large_Liquid
147.02,2021-04-01,April,4,0,147.02,146.8631,NTM1_X1_A9_DIRECT_Large_Liquid
148.26,2021-05-01,May,5,0,148.26,147.6455,NTM1_X1_A9_DIRECT_Large_Liquid
34.26,2020-07-01,July,7,0,34.26,26.0858,NTM1_X2_A31_DIRECT_Large_Liquid
16.05,2020-08-01,August,8,0,16.05,26.807,NTM1_X2_A31_DIRECT_Large_Liquid
3.15,2020-09-01,September,9,0,3.15,18.4232,NTM1_X2_A31_DIRECT_Large_Liquid
19.11,2020-10-01,October,10,0,19.11,12.6944,NTM1_X2_A31_DIRECT_Large_Liquid
22.41,2020-11-01,November,11,0,22.41,21.3956,NTM1_X2_A31_DIRECT_Large_Liquid
25.7,2020-12-01,December,12,0,25.7,23.7668,NTM1_X2_A31_DIRECT_Large_Liquid
49.38,2021-01-01,January,1,0,49.38,26.133,NTM1_X2_A31_DIRECT_Large_Liquid
15.21,2021-02-01,February,2,0,15.21,38.6942,NTM1_X2_A31_DIRECT_Large_Liquid
20.32,2021-03-01,March,3,0,20.32,22.3304,NTM1_X2_A31_DIRECT_Large_Liquid
30.37,2021-04-01,April,4,0,30.37,25.6065,NTM1_X2_A31_DIRECT_Large_Liquid
40.4,2021-05-01,May,5,0,40.4,31.3527,NTM1_X2_A31_DIRECT_Large_Liquid
109.44,2020-07-01,July,7,0,109.44,91.3671,NTM2_X2_A25_DIRECT_Small_Powder
93.3,2020-08-01,August,8,0,93.3,88.2223,NTM2_X2_A25_DIRECT_Small_Powder
66.39,2020-09-01,September,9,0,66.39,85.0776,NTM2_X2_A25_DIRECT_Small_Powder
89.81,2020-10-01,October,10,0,89.81,82.0343,NTM2_X2_A25_DIRECT_Small_Powder
64.7,2020-11-01,November,11,0,64.7,78.8895,NTM2_X2_A25_DIRECT_Small_Powder
53.0,2020-12-01,December,12,0,53.0,75.8462,NTM2_X2_A25_DIRECT_Small_Powder
62.76,2021-01-01,January,1,0,62.76,72.7014,NTM2_X2_A25_DIRECT_Small_Powder
52.08,2021-02-01,February,2,0,52.08,69.5567,NTM2_X2_A25_DIRECT_Small_Powder
57.3,2021-03-01,March,3,0,57.3,66.7163,NTM2_X2_A25_DIRECT_Small_Powder
77.78,2021-04-01,April,4,0,77.78,63.5715,NTM2_X2_A25_DIRECT_Small_Powder
75.15,2021-05-01,May,5,0,75.15,60.5282,NTM2_X2_A25_DIRECT_Small_Powder
134.42,2020-07-01,July,7,0,134.42,133.561,NTM2_X1_A4_DIRECT_Large_Powder
137.09,2020-08-01,August,8,0,137.09,134.3638,NTM2_X1_A4_DIRECT_Large_Powder
136.44,2020-09-01,September,9,0,136.44,136.5016,NTM2_X1_A4_DIRECT_Large_Powder
135.04,2020-10-01,October,10,0,135.04,136.9535,NTM2_X1_A4_DIRECT_Large_Powder
142.12,2020-11-01,November,11,0,142.12,137.0563,NTM2_X1_A4_DIRECT_Large_Powder
144.56,2020-12-01,December,12,0,144.56,141.3733,NTM2_X1_A4_DIRECT_Large_Powder
143.44,2021-01-01,January,1,0,143.44,143.3761,NTM2_X1_A4_DIRECT_Large_Powder
143.05,2021-02-01,February,2,0,143.05,142.9988,NTM2_X1_A4_DIRECT_Large_Powder
141.99,2021-03-01,March,3,0,141.99,142.9675,NTM2_X1_A4_DIRECT_Large_Powder
143.83,2021-04-01,April,4,0,143.83,142.6185,NTM2_X1_A4_DIRECT_Large_Powder
143.52,2021-05-01,May,5,0,143.52,143.7137,NTM2_X1_A4_DIRECT_Large_Powder
56.52,2020-07-01,July,7,0,56.52,66.3574,NTM1_X1_A29_DIRECT_Small_Powder
56.52,2020-08-01,August,8,0,56.52,72.2669,NTM1_X1_A29_DIRECT_Small_Powder
56.52,2020-09-01,September,9,0,56.52,76.7792,NTM1_X1_A29_DIRECT_Small_Powder
57.93,2020-10-01,October,10,0,57.93,81.0383,NTM1_X1_A29_DIRECT_Small_Powder
56.52,2020-11-01,November,11,0,56.52,86.1323,NTM1_X1_A29_DIRECT_Small_Powder
285.21,2020-12-01,December,12,0,285.21,88.9492,NTM1_X1_A29_DIRECT_Small_Powder
305.21,2021-01-01,January,1,0,305.21,207.5766,NTM1_X1_A29_DIRECT_Small_Powder
297.74,2021-02-01,February,2,0,297.74,223.1617,NTM1_X1_A29_DIRECT_Small_Powder
247.93,2021-03-01,March,3,0,247.93,228.3031,NTM1_X1_A29_DIRECT_Small_Powder
56.52,2021-04-01,April,4,0,56.52,215.3305,NTM1_X1_A29_DIRECT_Small_Powder
56.52,2021-05-01,May,5,0,56.52,106.5802,NTM1_X1_A29_DIRECT_Small_Powder
334.29,2020-07-01,July,7,1,194.25999999999993,185.151,NTM2_X1_A37_DIRECT_Small_Powder
360.0,2020-08-01,August,8,1,194.25999999999993,185.122,NTM2_X1_A37_DIRECT_Small_Powder
160.0,2020-09-01,September,9,0,160.0,185.122,NTM2_X1_A37_DIRECT_Small_Powder
180.0,2020-10-01,October,10,0,180.0,168.0573,NTM2_X1_A37_DIRECT_Small_Powder
180.29,2020-11-01,November,11,0,180.29,178.2203,NTM2_X1_A37_DIRECT_Small_Powder
180.0,2020-12-01,December,12,0,180.0,178.3633,NTM2_X1_A37_DIRECT_Small_Powder
168.26,2021-01-01,January,1,0,168.26,178.2203,NTM2_X1_A37_DIRECT_Small_Powder
173.21,2021-02-01,February,2,0,173.21,172.3281,NTM2_X1_A37_DIRECT_Small_Powder
142.11,2021-03-01,March,3,1,156.62000000000006,174.837,NTM2_X1_A37_DIRECT_Small_Powder
180.0,2021-04-01,April,4,0,180.0,166.2776,NTM2_X1_A37_DIRECT_Small_Powder
174.41,2021-05-01,May,5,0,174.41,178.2203,NTM2_X1_A37_DIRECT_Small_Powder
77.97,2020-07-01,July,7,1,77.38,69.9564,NTM2_X1_A32_RETAIL_Small_Powder
31.77,2020-08-01,August,8,1,46.300000000000004,68.2247,NTM2_X1_A32_RETAIL_Small_Powder
59.62,2020-09-01,September,9,0,59.62,56.3098,NTM2_X1_A32_RETAIL_Small_Powder
57.4,2020-10-01,October,10,0,57.4,61.4162,NTM2_X1_A32_RETAIL_Small_Powder
64.76,2020-11-01,November,11,0,64.76,60.5651,NTM2_X1_A32_RETAIL_Small_Powder
65.78,2020-12-01,December,12,0,65.78,63.3867,NTM2_X1_A32_RETAIL_Small_Powder
65.55,2021-01-01,January,1,0,65.55,63.7777,NTM2_X1_A32_RETAIL_Small_Powder
65.56,2021-02-01,February,2,0,65.56,63.6895,NTM2_X1_A32_RETAIL_Small_Powder
74.73,2021-03-01,March,3,0,74.73,63.6934,NTM2_X1_A32_RETAIL_Small_Powder
,2021-04-01,April,4,0,,67.2088,NTM2_X1_A32_RETAIL_Small_Powder
1.39,2021-05-01,May,5,1,46.300000000000004,63.1794,NTM2_X1_A32_RETAIL_Small_Powder
95.0,2020-07-01,July,7,0,95.0,94.7855,NTM1_X1_A34_DIRECT_Small_Powder
94.84,2020-08-01,August,8,0,94.84,94.7351,NTM1_X1_A34_DIRECT_Small_Powder
95.0,2020-09-01,September,9,0,95.0,94.6847,NTM1_X1_A34_DIRECT_Small_Powder
93.82,2020-10-01,October,10,0,93.82,94.6344,NTM1_X1_A34_DIRECT_Small_Powder
95.0,2020-11-01,November,11,0,95.0,94.584,NTM1_X1_A34_DIRECT_Small_Powder
95.91,2020-12-01,December,12,0,95.91,94.5336,NTM1_X1_A34_DIRECT_Small_Powder
93.06,2021-01-01,January,1,0,93.06,94.4833,NTM1_X1_A34_DIRECT_Small_Powder
93.18,2021-02-01,February,2,0,93.18,94.4329,NTM1_X1_A34_DIRECT_Small_Powder
94.36,2021-03-01,March,3,0,94.36,94.3826,NTM1_X1_A34_DIRECT_Small_Powder
94.54,2021-04-01,April,4,0,94.54,94.3322,NTM1_X1_A34_DIRECT_Small_Powder
95.16,2021-05-01,May,5,0,95.16,94.2818,NTM1_X1_A34_DIRECT_Small_Powder
0.0,2020-08-01,August,8,0,0.0,-4.5796,NTM1_X1_A28_DIRECT_Small_Powder
,2020-09-01,September,9,0,,-0.8733,NTM1_X1_A28_DIRECT_Small_Powder
0.0,2020-10-01,October,10,0,0.0,2.1334,NTM1_X1_A28_DIRECT_Small_Powder
0.0,2020-11-01,November,11,0,0.0,6.5392,NTM1_X1_A28_DIRECT_Small_Powder
0.0,2020-12-01,December,12,0,0.0,10.2454,NTM1_X1_A28_DIRECT_Small_Powder
49.12,2021-01-01,January,1,0,49.12,13.9517,NTM1_X1_A28_DIRECT_Small_Powder
49.05,2021-02-01,February,2,0,49.05,42.2179,NTM1_X1_A28_DIRECT_Small_Powder
48.78,2021-03-01,March,3,0,48.78,45.8892,NTM1_X1_A28_DIRECT_Small_Powder
47.34,2021-04-01,April,4,0,47.34,49.4604,NTM1_X1_A28_DIRECT_Small_Powder
49.08,2021-05-01,May,5,0,49.08,52.4467,NTM1_X1_A28_DIRECT_Small_Powder
68.0,2020-07-01,July,7,0,68.0,68.7346,NTM1_X2_A46_RETAIL_Large_Powder
68.0,2020-08-01,August,8,0,68.0,68.5331,NTM1_X2_A46_RETAIL_Large_Powder
68.0,2020-09-01,September,9,0,68.0,68.5331,NTM1_X2_A46_RETAIL_Large_Powder
68.0,2020-10-01,October,10,0,68.0,68.5331,NTM1_X2_A46_RETAIL_Large_Powder
68.0,2020-11-01,November,11,0,68.0,68.5331,NTM1_X2_A46_RETAIL_Large_Powder
68.24,2020-12-01,December,12,0,68.24,68.5331,NTM1_X2_A46_RETAIL_Large_Powder
70.0,2021-01-01,January,1,0,70.0,68.5989,NTM1_X2_A46_RETAIL_Large_Powder
70.0,2021-02-01,February,2,0,70.0,70.0,NTM1_X2_A46_RETAIL_Large_Powder
70.0,2021-03-01,March,3,0,70.0,70.0,NTM1_X2_A46_RETAIL_Large_Powder
67.64,2021-04-01,April,4,0,67.64,70.0,NTM1_X2_A46_RETAIL_Large_Powder
70.0,2021-05-01,May,5,0,70.0,68.4343,NTM1_X2_A46_RETAIL_Large_Powder
132.7,2020-07-01,July,7,0,132.7,132.6935,NTM3_X1_A11_DIRECT_Large_Powder
123.54,2020-08-01,August,8,0,123.54,130.6581,NTM3_X1_A11_DIRECT_Large_Powder
129.8,2020-09-01,September,9,0,129.8,124.073,NTM3_X1_A11_DIRECT_Large_Powder
131.17,2020-10-01,October,10,0,131.17,125.167,NTM3_X1_A11_DIRECT_Large_Powder
96.72,2020-11-01,November,11,0,96.72,123.7024,NTM3_X1_A11_DIRECT_Large_Powder
100.2,2020-12-01,December,12,0,100.2,104.4283,NTM3_X1_A11_DIRECT_Large_Powder
79.91,2021-01-01,January,1,0,79.91,104.3691,NTM3_X1_A11_DIRECT_Large_Powder
97.58,2021-02-01,February,2,0,97.58,91.4569,NTM3_X1_A11_DIRECT_Large_Powder
126.98,2021-03-01,March,3,0,126.98,99.2871,NTM3_X1_A11_DIRECT_Large_Powder
81.77,2021-04-01,April,4,0,81.77,110.9735,NTM3_X1_A11_DIRECT_Large_Powder
97.77,2021-05-01,May,5,0,97.77,87.2399,NTM3_X1_A11_DIRECT_Large_Powder
109.75,2020-07-01,July,7,0,109.75,118.2537,NTM3_X1_A10_ECOM_Large_Powder
132.57,2020-08-01,August,8,0,132.57,117.2533,NTM3_X1_A10_ECOM_Large_Powder
120.48,2020-09-01,September,9,0,120.48,130.2866,NTM3_X1_A10_ECOM_Large_Powder
,2020-10-01,October,10,0,,123.4891,NTM3_X1_A10_ECOM_Large_Powder
114.5,2020-11-01,November,11,0,114.5,124.6486,NTM3_X1_A10_ECOM_Large_Powder
118.43,2020-12-01,December,12,0,118.43,120.0394,NTM3_X1_A10_ECOM_Large_Powder
136.69,2021-01-01,January,1,0,136.69,122.3135,NTM3_X1_A10_ECOM_Large_Powder
144.77,2021-02-01,February,2,0,144.77,132.554,NTM3_X1_A10_ECOM_Large_Powder
120.5,2021-03-01,March,3,0,120.5,136.9355,NTM3_X1_A10_ECOM_Large_Powder
139.21,2021-04-01,April,4,0,139.21,123.5006,NTM3_X1_A10_ECOM_Large_Powder
142.42,2021-05-01,May,5,0,142.42,133.9295,NTM3_X1_A10_ECOM_Large_Powder
135.21,2020-07-01,July,7,0,135.21,135.9579,NTM2_X1_A7_DIRECT_Large_Liquid
137.63,2020-08-01,August,8,0,137.63,136.4194,NTM2_X1_A7_DIRECT_Large_Liquid
140.34,2020-09-01,September,9,0,140.34,138.0988,NTM2_X1_A7_DIRECT_Large_Liquid
135.77,2020-10-01,October,10,0,135.77,139.9188,NTM2_X1_A7_DIRECT_Large_Liquid
140.05,2020-11-01,November,11,0,140.05,138.0796,NTM2_X1_A7_DIRECT_Large_Liquid
143.68,2020-12-01,December,12,0,143.68,140.7026,NTM2_X1_A7_DIRECT_Large_Liquid
147.02,2021-01-01,January,1,0,147.02,142.9822,NTM2_X1_A7_DIRECT_Large_Liquid
144.83,2021-02-01,February,2,0,144.83,145.1063,NTM2_X1_A7_DIRECT_Large_Liquid
142.21,2021-03-01,March,3,0,142.21,144.4881,NTM2_X1_A7_DIRECT_Large_Liquid
142.87,2021-04-01,April,4,0,142.87,143.6362,NTM2_X1_A7_DIRECT_Large_Liquid
145.33,2021-05-01,May,5,0,145.33,144.4297,NTM2_X1_A7_DIRECT_Large_Liquid
31.08,2020-07-01,July,7,1,31.180000000000007,31.4871,NTM1_X2_A39_DIRECT_Large_Liquid
31.45,2020-08-01,August,8,0,31.45,31.4627,NTM1_X2_A39_DIRECT_Large_Liquid
28.63,2020-09-01,September,9,1,31.180000000000007,31.4842,NTM1_X2_A39_DIRECT_Large_Liquid
31.57,2020-10-01,October,10,0,31.57,31.4627,NTM1_X2_A39_DIRECT_Large_Liquid
31.42,2020-11-01,November,11,0,31.42,31.57,NTM1_X2_A39_DIRECT_Large_Liquid
31.78,2020-12-01,December,12,0,31.78,31.4818,NTM1_X2_A39_DIRECT_Large_Liquid
31.59,2021-01-01,January,1,0,31.59,31.78,NTM1_X2_A39_DIRECT_Large_Liquid
31.45,2021-02-01,February,2,0,31.45,31.59,NTM1_X2_A39_DIRECT_Large_Liquid
31.42,2021-03-01,March,3,0,31.42,31.4842,NTM1_X2_A39_DIRECT_Large_Liquid
31.56,2021-04-01,April,4,0,31.56,31.4818,NTM1_X2_A39_DIRECT_Large_Liquid
31.76,2021-05-01,May,5,0,31.76,31.56,NTM1_X2_A39_DIRECT_Large_Liquid
134.86,2020-07-01,July,7,0,134.86,137.9233,NTM2_X1_A6_DIRECT_Large_Liquid
138.41,2020-08-01,August,8,0,138.41,136.8941,NTM2_X1_A6_DIRECT_Large_Liquid
137.19,2020-09-01,September,9,0,137.19,139.2655,NTM2_X1_A6_DIRECT_Large_Liquid
144.63,2020-10-01,October,10,0,144.63,138.4505,NTM2_X1_A6_DIRECT_Large_Liquid
144.15,2020-11-01,November,11,0,144.15,143.4203,NTM2_X1_A6_DIRECT_Large_Liquid
,2020-12-01,December,12,0,,143.0997,NTM2_X1_A6_DIRECT_Large_Liquid
142.61,2021-01-01,January,1,0,142.61,141.3344,NTM2_X1_A6_DIRECT_Large_Liquid
142.4,2021-02-01,February,2,0,142.4,142.071,NTM2_X1_A6_DIRECT_Large_Liquid
143.24,2021-03-01,March,3,0,143.24,141.9307,NTM2_X1_A6_DIRECT_Large_Liquid
144.22,2021-04-01,April,4,0,144.22,142.4918,NTM2_X1_A6_DIRECT_Large_Liquid
140.72,2021-05-01,May,5,0,140.72,143.1464,NTM2_X1_A6_DIRECT_Large_Liquid
220.0,2020-07-01,July,7,1,204.355,165.4741,NTM2_X1_A37_DIRECT_Large_Powder
1350.0,2020-08-01,August,8,1,204.355,185.5072,NTM2_X1_A37_DIRECT_Large_Powder
,2020-09-01,September,9,0,,185.5072,NTM2_X1_A37_DIRECT_Large_Powder
145.23,2020-10-01,October,10,0,145.23,175.3653,NTM2_X1_A37_DIRECT_Large_Powder
157.12,2020-11-01,November,11,0,157.12,145.23,NTM2_X1_A37_DIRECT_Large_Powder
148.35,2020-12-01,December,12,0,148.35,157.12,NTM2_X1_A37_DIRECT_Large_Powder
165.92,2021-01-01,January,1,0,165.92,148.35,NTM2_X1_A37_DIRECT_Large_Powder
151.67,2021-02-01,February,2,0,151.67,165.7038,NTM2_X1_A37_DIRECT_Large_Powder
167.05,2021-03-01,March,3,0,167.05,151.67,NTM2_X1_A37_DIRECT_Large_Powder
172.65,2021-04-01,April,4,0,172.65,166.2861,NTM2_X1_A37_DIRECT_Large_Powder
122.64,2021-05-01,May,5,0,122.64,169.1714,NTM2_X1_A37_DIRECT_Large_Powder
164.87,2020-07-01,July,7,0,164.87,167.4249,NTM2_X1_A2_DIRECT_Large_Liquid
160.8,2020-08-01,August,8,0,160.8,165.5543,NTM2_X1_A2_DIRECT_Large_Liquid
161.47,2020-09-01,September,9,0,161.47,162.5743,NTM2_X1_A2_DIRECT_Large_Liquid
161.66,2020-10-01,October,10,0,161.66,163.0648,NTM2_X1_A2_DIRECT_Large_Liquid
168.52,2020-11-01,November,11,0,168.52,163.204,NTM2_X1_A2_DIRECT_Large_Liquid
170.37,2020-12-01,December,12,0,170.37,168.52,NTM2_X1_A2_DIRECT_Large_Liquid
172.46,2021-01-01,January,1,0,172.46,170.37,NTM2_X1_A2_DIRECT_Large_Liquid
172.14,2021-02-01,February,2,0,172.14,172.46,NTM2_X1_A2_DIRECT_Large_Liquid
172.46,2021-03-01,March,3,0,172.46,172.14,NTM2_X1_A2_DIRECT_Large_Liquid
174.8,2021-04-01,April,4,0,174.8,172.46,NTM2_X1_A2_DIRECT_Large_Liquid
167.92,2021-05-01,May,5,0,167.92,174.8,NTM2_X1_A2_DIRECT_Large_Liquid
125.46,2020-11-01,November,11,0,125.46,124.6616,NTM2_X1_A41_WHOLESALE_Small_Powder
0.0,2020-12-01,December,12,1,108.17625,126.0488,NTM2_X1_A41_WHOLESALE_Small_Powder
142.23,2021-01-01,January,1,0,142.23,118.794,NTM2_X1_A41_WHOLESALE_Small_Powder
141.78,2021-02-01,February,2,0,141.78,137.2081,NTM2_X1_A41_WHOLESALE_Small_Powder
136.44,2021-03-01,March,3,0,136.44,138.3703,NTM2_X1_A41_WHOLESALE_Small_Powder
,2021-04-01,April,4,0,,137.0874,NTM2_X1_A41_WHOLESALE_Small_Powder
133.77,2021-05-01,May,5,0,133.77,138.9782,NTM2_X1_A41_WHOLESALE_Small_Powder
130.98,2020-07-01,July,7,0,130.98,130.98,NTM3_X1_A8_DIRECT_Small_Powder
129.03,2020-08-01,August,8,0,129.03,130.98,NTM3_X1_A8_DIRECT_Small_Powder
134.42,2020-09-01,September,9,0,134.42,129.03,NTM3_X1_A8_DIRECT_Small_Powder
91.28,2020-10-01,October,10,0,91.28,134.42,NTM3_X1_A8_DIRECT_Small_Powder
58.17,2020-11-01,November,11,0,58.17,99.1408,NTM3_X1_A8_DIRECT_Small_Powder
92.41,2020-12-01,December,12,0,92.41,86.4651,NTM3_X1_A8_DIRECT_Small_Powder
73.38,2021-01-01,January,1,0,73.38,99.5734,NTM3_X1_A8_DIRECT_Small_Powder
116.58,2021-02-01,February,2,0,116.58,92.288,NTM3_X1_A8_DIRECT_Small_Powder
107.7,2021-03-01,March,3,0,107.7,116.58,NTM3_X1_A8_DIRECT_Small_Powder
94.42,2021-04-01,April,4,0,94.42,107.7,NTM3_X1_A8_DIRECT_Small_Powder
100.97,2021-05-01,May,5,0,100.97,100.3429,NTM3_X1_A8_DIRECT_Small_Powder
93.64,2020-07-01,July,7,0,93.64,93.64,NTM2_X1_A32_RETAIL_Large_Powder
4.12,2020-08-01,August,8,0,4.12,93.64,NTM2_X1_A32_RETAIL_Large_Powder
47.78,2020-09-01,September,9,0,47.78,82.5472,NTM2_X1_A32_RETAIL_Large_Powder
95.3,2020-10-01,October,10,0,95.3,71.2744,NTM2_X1_A32_RETAIL_Large_Powder
,2020-11-01,November,11,0,,95.3,NTM2_X1_A32_RETAIL_Large_Powder
,2020-12-01,December,12,0,,73.2829,NTM2_X1_A32_RETAIL_Large_Powder
,2021-01-01,January,1,0,,74.8618,NTM2_X1_A32_RETAIL_Large_Powder
98.28,2021-02-01,February,2,0,98.28,76.4407,NTM2_X1_A32_RETAIL_Large_Powder
,2021-03-01,March,3,0,,98.28,NTM2_X1_A32_RETAIL_Large_Powder
0.0,2021-04-01,April,4,0,0.0,79.5985,NTM2_X1_A32_RETAIL_Large_Powder
100.18,2021-05-01,May,5,0,100.18,83.611,NTM2_X1_A32_RETAIL_Large_Powder
68.71,2020-11-01,November,11,0,68.71,69.6456,NTM2_X1_A17_ECOM_Large_Powder
72.48,2020-12-01,December,12,0,72.48,67.9278,NTM2_X1_A17_ECOM_Large_Powder
52.41,2021-01-01,January,1,0,52.41,68.023,NTM2_X1_A17_ECOM_Large_Powder
64.96,2021-02-01,February,2,0,64.96,56.3633,NTM2_X1_A17_ECOM_Large_Powder
64.24,2021-03-01,March,3,0,64.24,60.8551,NTM2_X1_A17_ECOM_Large_Powder
49.15,2021-04-01,April,4,0,49.15,58.6836,NTM2_X1_A17_ECOM_Large_Powder
47.41,2021-05-01,May,5,0,47.41,49.4422,NTM2_X1_A17_ECOM_Large_Powder
200.0,2020-08-01,August,8,0,200.0,195.6511,NTM2_X1_A38_RETAIL_Large_Powder
,2020-09-01,September,9,0,,195.6076,NTM2_X1_A38_RETAIL_Large_Powder
167.74,2020-10-01,October,10,0,167.74,189.8398,NTM2_X1_A38_RETAIL_Large_Powder
160.0,2020-11-01,November,11,0,160.0,179.609,NTM2_X1_A38_RETAIL_Large_Powder
196.92,2020-12-01,December,12,0,196.92,175.8964,NTM2_X1_A38_RETAIL_Large_Powder
260.87,2021-01-01,January,1,1,226.54999999999998,194.3308,NTM2_X1_A38_RETAIL_Large_Powder
186.05,2021-02-01,February,2,0,186.05,208.9717,NTM2_X1_A38_RETAIL_Large_Powder
184.08,2021-03-01,March,3,0,184.08,188.7484,NTM2_X1_A38_RETAIL_Large_Powder
295.52,2021-04-01,April,4,1,226.54999999999998,187.8003,NTM2_X1_A38_RETAIL_Large_Powder
182.3,2021-05-01,May,5,0,182.3,208.8601,NTM2_X1_A38_RETAIL_Large_Powder
69.57,2020-07-01,July,7,0,69.57,69.57,NTM2_X2_A31_DIRECT_Large_Powder
77.24,2020-08-01,August,8,0,77.24,69.57,NTM2_X2_A31_DIRECT_Large_Powder
70.68,2020-09-01,September,9,0,70.68,76.0637,NTM2_X2_A31_DIRECT_Large_Powder
82.48,2020-10-01,October,10,0,82.48,70.68,NTM2_X2_A31_DIRECT_Large_Powder
49.55,2020-11-01,November,11,0,49.55,69.6206,NTM2_X2_A31_DIRECT_Large_Powder
59.49,2020-12-01,December,12,0,59.49,49.55,NTM2_X2_A31_DIRECT_Large_Powder
101.89,2021-01-01,January,1,0,101.89,59.49,NTM2_X2_A31_DIRECT_Large_Powder
53.68,2021-02-01,February,2,0,53.68,59.903,NTM2_X2_A31_DIRECT_Large_Powder
43.16,2021-03-01,March,3,0,43.16,53.68,NTM2_X2_A31_DIRECT_Large_Powder
57.47,2021-04-01,April,4,0,57.47,43.16,NTM2_X2_A31_DIRECT_Large_Powder
31.89,2021-05-01,May,5,0,31.89,50.5024,NTM2_X2_A31_DIRECT_Large_Powder
134.48,2020-07-01,July,7,0,134.48,133.8956,NTM2_X1_A11_DIRECT_Small_Powder
137.67,2020-08-01,August,8,0,137.67,134.6544,NTM2_X1_A11_DIRECT_Small_Powder
136.18,2020-09-01,September,9,0,136.18,137.0082,NTM2_X1_A11_DIRECT_Small_Powder
134.48,2020-10-01,October,10,0,134.48,136.9975,NTM2_X1_A11_DIRECT_Small_Powder
142.72,2020-11-01,November,11,0,142.72,136.9063,NTM2_X1_A11_DIRECT_Small_Powder
146.55,2020-12-01,December,12,0,146.55,141.7605,NTM2_X1_A11_DIRECT_Small_Powder
143.68,2021-01-01,January,1,0,143.68,144.4323,NTM2_X1_A11_DIRECT_Small_Powder
144.7,2021-02-01,February,2,0,144.7,143.731,NTM2_X1_A11_DIRECT_Small_Powder
146.9,2021-03-01,March,3,0,146.9,144.6312,NTM2_X1_A11_DIRECT_Small_Powder
146.8,2021-04-01,April,4,0,146.8,146.16,NTM2_X1_A11_DIRECT_Small_Powder
143.97,2021-05-01,May,5,0,143.97,146.5249,NTM2_X1_A11_DIRECT_Small_Powder
135.24,2020-07-01,July,7,0,135.24,143.0494,NTM2_X1_A5_DIRECT_Large_Powder
138.13,2020-08-01,August,8,0,138.13,137.2112,NTM2_X1_A5_DIRECT_Large_Powder
136.71,2020-09-01,September,9,0,136.71,139.3717,NTM2_X1_A5_DIRECT_Large_Powder
134.78,2020-10-01,October,10,0,134.78,138.3102,NTM2_X1_A5_DIRECT_Large_Powder
138.25,2020-11-01,November,11,0,138.25,136.8673,NTM2_X1_A5_DIRECT_Large_Powder
145.37,2020-12-01,December,12,0,145.37,139.4614,NTM2_X1_A5_DIRECT_Large_Powder
156.59,2021-01-01,January,1,0,156.59,145.37,NTM2_X1_A5_DIRECT_Large_Powder
149.75,2021-02-01,February,2,0,149.75,156.59,NTM2_X1_A5_DIRECT_Large_Powder
151.26,2021-03-01,March,3,0,151.26,149.75,NTM2_X1_A5_DIRECT_Large_Powder
149.7,2021-04-01,April,4,0,149.7,151.26,NTM2_X1_A5_DIRECT_Large_Powder
147.57,2021-05-01,May,5,0,147.57,149.7,NTM2_X1_A5_DIRECT_Large_Powder
55.53,2020-07-01,July,7,0,55.53,94.7358,NTM3_X1_A35_DIRECT_ExtraLarge_Powder
57.16,2020-08-01,August,8,0,57.16,91.3078,NTM3_X1_A35_DIRECT_ExtraLarge_Powder
59.63,2020-09-01,September,9,0,59.63,92.6926,NTM3_X1_A35_DIRECT_ExtraLarge_Powder
595.46,2020-10-01,October,10,1,487.535,94.7583,NTM3_X1_A35_DIRECT_ExtraLarge_Powder
269.64,2020-11-01,November,11,0,269.64,309.8346,NTM3_X1_A35_DIRECT_ExtraLarge_Powder
83.48,2020-12-01,December,12,0,83.48,216.1777,NTM3_X1_A35_DIRECT_ExtraLarge_Powder
244.62,2021-01-01,January,1,0,244.62,113.0753,NTM3_X1_A35_DIRECT_ExtraLarge_Powder
207.24,2021-02-01,February,2,0,207.24,204.2887,NTM3_X1_A35_DIRECT_ExtraLarge_Powder
215.5,2021-03-01,March,3,0,215.5,185.7902,NTM3_X1_A35_DIRECT_ExtraLarge_Powder
65.87,2021-04-01,April,4,0,65.87,189.9644,NTM3_X1_A35_DIRECT_ExtraLarge_Powder
57.19,2021-05-01,May,5,0,57.19,99.8161,NTM3_X1_A35_DIRECT_ExtraLarge_Powder
33.75,2020-07-01,July,7,0,33.75,31.3646,NTM3_X1_A28_DIRECT_Small_Powder
34.31,2020-08-01,August,8,0,34.31,29.8645,NTM3_X1_A28_DIRECT_Small_Powder
22.11,2020-09-01,September,9,0,22.11,29.9684,NTM3_X1_A28_DIRECT_Small_Powder
39.04,2020-10-01,October,10,0,39.04,27.7045,NTM3_X1_A28_DIRECT_Small_Powder
14.01,2020-11-01,November,11,0,14.01,30.8462,NTM3_X1_A28_DIRECT_Small_Powder
32.52,2020-12-01,December,12,0,32.52,26.2013,NTM3_X1_A28_DIRECT_Small_Powder
26.18,2021-01-01,January,1,0,26.18,29.6362,NTM3_X1_A28_DIRECT_Small_Powder
26.49,2021-02-01,February,2,0,26.49,28.4597,NTM3_X1_A28_DIRECT_Small_Powder
42.5,2021-03-01,March,3,0,42.5,28.5173,NTM3_X1_A28_DIRECT_Small_Powder
18.9,2021-04-01,April,4,0,18.9,31.4882,NTM3_X1_A28_DIRECT_Small_Powder
31.95,2021-05-01,May,5,0,31.95,27.1088,NTM3_X1_A28_DIRECT_Small_Powder
135.48,2020-07-01,July,7,0,135.48,138.2318,NTM1_X1_A7_ECOM_Large_Powder
137.41,2020-08-01,August,8,0,137.41,136.8458,NTM1_X1_A7_ECOM_Large_Powder
136.43,2020-09-01,September,9,0,136.43,138.3033,NTM1_X1_A7_ECOM_Large_Powder
137.26,2020-10-01,October,10,0,137.26,137.5635,NTM1_X1_A7_ECOM_Large_Powder
145.14,2020-11-01,November,11,0,145.14,138.1901,NTM1_X1_A7_ECOM_Large_Powder
149.29,2020-12-01,December,12,0,149.29,144.124,NTM1_X1_A7_ECOM_Large_Powder
142.52,2021-01-01,January,1,0,142.52,147.2387,NTM1_X1_A7_ECOM_Large_Powder
144.59,2021-02-01,February,2,0,144.59,142.154,NTM1_X1_A7_ECOM_Large_Powder
141.96,2021-03-01,March,3,0,141.96,143.7106,NTM1_X1_A7_ECOM_Large_Powder
140.83,2021-04-01,April,4,0,140.83,141.7325,NTM1_X1_A7_ECOM_Large_Powder
143.53,2021-05-01,May,5,0,143.53,140.8817,NTM1_X1_A7_ECOM_Large_Powder
50.3,2020-07-01,July,7,0,50.3,50.3,NTM3_X3_A22_RETAIL_Large_Powder
47.21,2020-08-01,August,8,0,47.21,50.3,NTM3_X3_A22_RETAIL_Large_Powder
50.61,2020-09-01,September,9,0,50.61,50.3136,NTM3_X3_A22_RETAIL_Large_Powder
44.61,2020-10-01,October,10,1,44.64499999999998,50.61,NTM3_X3_A22_RETAIL_Large_Powder
54.02,2020-11-01,November,11,0,54.02,50.5307,NTM3_X3_A22_RETAIL_Large_Powder
55.75,2020-12-01,December,12,1,55.60500000000002,54.02,NTM3_X3_A22_RETAIL_Large_Powder
50.33,2021-01-01,January,1,0,50.33,55.605,NTM3_X3_A22_RETAIL_Large_Powder
42.56,2021-02-01,February,2,1,44.64499999999998,50.33,NTM3_X3_A22_RETAIL_Large_Powder
51.53,2021-03-01,March,3,0,51.53,50.5307,NTM3_X3_A22_RETAIL_Large_Powder
51.46,2021-04-01,April,4,0,51.46,51.53,NTM3_X3_A22_RETAIL_Large_Powder
50.46,2021-05-01,May,5,0,50.46,51.46,NTM3_X3_A22_RETAIL_Large_Powder
136.44,2020-07-01,July,7,0,136.44,136.44,NTM2_X1_A3_DIRECT_Small_Powder
137.1,2020-08-01,August,8,0,137.1,136.44,NTM2_X1_A3_DIRECT_Small_Powder
137.55,2020-09-01,September,9,0,137.55,137.1,NTM2_X1_A3_DIRECT_Small_Powder
118.18,2020-10-01,October,10,1,119.33999999999997,137.55,NTM2_X1_A3_DIRECT_Small_Powder
139.79,2020-11-01,November,11,0,139.79,139.3269,NTM2_X1_A3_DIRECT_Small_Powder
144.43,2020-12-01,December,12,0,144.43,141.3506,NTM2_X1_A3_DIRECT_Small_Powder
149.79,2021-01-01,January,1,0,149.79,144.43,NTM2_X1_A3_DIRECT_Small_Powder
148.94,2021-02-01,February,2,0,148.94,149.79,NTM2_X1_A3_DIRECT_Small_Powder
149.34,2021-03-01,March,3,0,149.34,148.94,NTM2_X1_A3_DIRECT_Small_Powder
149.53,2021-04-01,April,4,0,149.53,149.34,NTM2_X1_A3_DIRECT_Small_Powder
149.29,2021-05-01,May,5,0,149.29,151.2044,NTM2_X1_A3_DIRECT_Small_Powder
134.35,2020-07-01,July,7,0,134.35,139.675,NTM1_X1_A8_DIRECT_Large_Powder
136.18,2020-08-01,August,8,0,136.18,141.3353,NTM1_X1_A8_DIRECT_Large_Powder
140.16,2020-09-01,September,9,0,140.16,142.9956,NTM1_X1_A8_DIRECT_Large_Powder
155.48,2020-10-01,October,10,0,155.48,144.6558,NTM1_X1_A8_DIRECT_Large_Powder
146.17,2020-11-01,November,11,0,146.17,146.3161,NTM1_X1_A8_DIRECT_Large_Powder
150.99,2020-12-01,December,12,0,150.99,147.9764,NTM1_X1_A8_DIRECT_Large_Powder
162.1,2021-01-01,January,1,0,162.1,149.6366,NTM1_X1_A8_DIRECT_Large_Powder
149.54,2021-02-01,February,2,0,149.54,151.2969,NTM1_X1_A8_DIRECT_Large_Powder
148.3,2021-03-01,March,3,0,148.3,152.9572,NTM1_X1_A8_DIRECT_Large_Powder
151.72,2021-04-01,April,4,0,151.72,154.6175,NTM1_X1_A8_DIRECT_Large_Powder
152.75,2021-05-01,May,5,0,152.75,156.2777,NTM1_X1_A8_DIRECT_Large_Powder
30.42,2020-07-01,July,7,0,30.42,30.6554,NTM1_X2_A12_DIRECT_Large_Powder
23.26,2020-08-01,August,8,0,23.26,30.5861,NTM1_X2_A12_DIRECT_Large_Powder
31.26,2020-09-01,September,9,0,31.26,28.4773,NTM1_X2_A12_DIRECT_Large_Powder
35.01,2020-10-01,October,10,0,35.01,31.26,NTM1_X2_A12_DIRECT_Large_Powder
18.99,2020-11-01,November,11,0,18.99,35.01,NTM1_X2_A12_DIRECT_Large_Powder
14.88,2020-12-01,December,12,0,14.88,27.2197,NTM1_X2_A12_DIRECT_Large_Powder
31.68,2021-01-01,January,1,0,31.68,26.0093,NTM1_X2_A12_DIRECT_Large_Powder
46.8,2021-02-01,February,2,0,46.8,31.68,NTM1_X2_A12_DIRECT_Large_Powder
47.68,2021-03-01,March,3,0,47.68,46.8,NTM1_X2_A12_DIRECT_Large_Powder
48.68,2021-04-01,April,4,0,48.68,47.68,NTM1_X2_A12_DIRECT_Large_Powder
15.13,2021-05-01,May,5,0,15.13,48.68,NTM1_X2_A12_DIRECT_Large_Powder
26.2,2020-07-01,July,7,0,26.2,26.5909,NTM2_X2_A45_DIRECT_Large_Powder
26.13,2020-08-01,August,8,0,26.13,26.5802,NTM2_X2_A45_DIRECT_Large_Powder
26.11,2020-09-01,September,9,0,26.11,26.5695,NTM2_X2_A45_DIRECT_Large_Powder
26.37,2020-10-01,October,10,0,26.37,26.5587,NTM2_X2_A45_DIRECT_Large_Powder
27.33,2020-11-01,November,11,0,27.33,26.548,NTM2_X2_A45_DIRECT_Large_Powder
27.31,2020-12-01,December,12,0,27.31,27.33,NTM2_X2_A45_DIRECT_Large_Powder
27.84,2021-01-01,January,1,0,27.84,27.31,NTM2_X2_A45_DIRECT_Large_Powder
26.62,2021-02-01,February,2,0,26.62,27.84,NTM2_X2_A45_DIRECT_Large_Powder
26.11,2021-03-01,March,3,0,26.11,26.62,NTM2_X2_A45_DIRECT_Large_Powder
26.12,2021-04-01,April,4,0,26.12,26.4944,NTM2_X2_A45_DIRECT_Large_Powder
25.77,2021-05-01,May,5,0,25.77,26.4836,NTM2_X2_A45_DIRECT_Large_Powder
37.19,2020-07-01,July,7,0,37.19,48.8672,NTM2_X2_A44_RETAIL_Large_Powder
46.13,2020-08-01,August,8,0,46.13,43.133,NTM2_X2_A44_RETAIL_Large_Powder
45.45,2020-09-01,September,9,0,45.45,47.5231,NTM2_X2_A44_RETAIL_Large_Powder
34.2,2020-10-01,October,10,0,34.2,47.1892,NTM2_X2_A44_RETAIL_Large_Powder
46.59,2020-11-01,November,11,0,46.59,41.6647,NTM2_X2_A44_RETAIL_Large_Powder
55.45,2020-12-01,December,12,0,55.45,47.749,NTM2_X2_A44_RETAIL_Large_Powder
58.03,2021-01-01,January,1,0,58.03,55.45,NTM2_X2_A44_RETAIL_Large_Powder
47.36,2021-02-01,February,2,0,47.36,58.03,NTM2_X2_A44_RETAIL_Large_Powder
55.7,2021-03-01,March,3,0,55.7,48.1271,NTM2_X2_A44_RETAIL_Large_Powder
60.64,2021-04-01,April,4,0,60.64,55.7,NTM2_X2_A44_RETAIL_Large_Powder
55.59,2021-05-01,May,5,0,55.59,60.64,NTM2_X2_A44_RETAIL_Large_Powder
57.08,2020-07-01,July,7,0,57.08,42.7079,NTM3_X1_A24_DIRECT_Small_Powder
73.16,2020-08-01,August,8,0,73.16,42.5788,NTM3_X1_A24_DIRECT_Small_Powder
11.27,2020-09-01,September,9,0,11.27,42.3298,NTM3_X1_A24_DIRECT_Small_Powder
39.2,2020-10-01,October,10,0,39.2,42.7969,NTM3_X1_A24_DIRECT_Small_Powder
85.73,2020-11-01,November,11,0,85.73,42.834,NTM3_X1_A24_DIRECT_Small_Powder
96.69,2020-12-01,December,12,0,96.69,42.5057,NTM3_X1_A24_DIRECT_Small_Powder
10.48,2021-01-01,January,1,0,10.48,42.1126,NTM3_X1_A24_DIRECT_Small_Powder
26.74,2021-02-01,February,2,0,26.74,42.5966,NTM3_X1_A24_DIRECT_Small_Powder
177.1,2021-03-01,March,3,1,170.105,42.7824,NTM3_X1_A24_DIRECT_Small_Powder
5.28,2021-04-01,April,4,0,5.28,16.1738,NTM3_X1_A24_DIRECT_Small_Powder
71.51,2021-05-01,May,5,0,71.51,42.7203,NTM3_X1_A24_DIRECT_Small_Powder
99.25,2020-07-01,July,7,0,99.25,102.839,NTM2_X1_A28_DIRECT_Small_Powder
98.54,2020-08-01,August,8,0,98.54,100.1102,NTM2_X1_A28_DIRECT_Small_Powder
98.4,2020-09-01,September,9,0,98.4,99.5704,NTM2_X1_A28_DIRECT_Small_Powder
99.18,2020-10-01,October,10,0,99.18,99.4639,NTM2_X1_A28_DIRECT_Small_Powder
98.91,2020-11-01,November,11,0,98.91,100.057,NTM2_X1_A28_DIRECT_Small_Powder
99.1,2020-12-01,December,12,0,99.1,99.8517,NTM2_X1_A28_DIRECT_Small_Powder
108.17,2021-01-01,January,1,0,108.17,99.9961,NTM2_X1_A28_DIRECT_Small_Powder
108.62,2021-02-01,February,2,0,108.62,108.17,NTM2_X1_A28_DIRECT_Small_Powder
107.37,2021-03-01,March,3,0,107.37,108.62,NTM2_X1_A28_DIRECT_Small_Powder
107.96,2021-04-01,April,4,0,107.96,107.37,NTM2_X1_A28_DIRECT_Small_Powder
106.27,2021-05-01,May,5,0,106.27,107.96,NTM2_X1_A28_DIRECT_Small_Powder
129.64,2020-07-01,July,7,0,129.64,129.64,NTM3_X1_A8_DIRECT_Large_Powder
128.72,2020-08-01,August,8,0,128.72,129.64,NTM3_X1_A8_DIRECT_Large_Powder
126.15,2020-09-01,September,9,0,126.15,128.72,NTM3_X1_A8_DIRECT_Large_Powder
76.25,2020-10-01,October,10,1,93.17999999999999,126.15,NTM3_X1_A8_DIRECT_Large_Powder
104.38,2020-11-01,November,11,0,104.38,110.0838,NTM3_X1_A8_DIRECT_Large_Powder
114.16,2020-12-01,December,12,0,114.16,114.562,NTM3_X1_A8_DIRECT_Large_Powder
115.4,2021-01-01,January,1,0,115.4,118.4724,NTM3_X1_A8_DIRECT_Large_Powder
138.83,2021-02-01,February,2,0,138.83,118.9682,NTM3_X1_A8_DIRECT_Large_Powder
132.2,2021-03-01,March,3,0,132.2,138.83,NTM3_X1_A8_DIRECT_Large_Powder
125.99,2021-04-01,April,4,0,125.99,132.2,NTM3_X1_A8_DIRECT_Large_Powder
120.91,2021-05-01,May,5,0,120.91,125.99,NTM3_X1_A8_DIRECT_Large_Powder
181.59,2020-07-01,July,7,0,181.59,182.6896,NTM2_X1_A36_DIRECT_Small_Powder
182.89,2020-08-01,August,8,0,182.89,182.7006,NTM2_X1_A36_DIRECT_Small_Powder
186.06,2020-09-01,September,9,0,186.06,182.6987,NTM2_X1_A36_DIRECT_Small_Powder
181.08,2020-10-01,October,10,0,181.08,181.6405,NTM2_X1_A36_DIRECT_Small_Powder
168.83,2020-11-01,November,11,1,176.4375,182.6809,NTM2_X1_A36_DIRECT_Small_Powder
187.15,2020-12-01,December,12,0,187.15,182.7434,NTM2_X1_A36_DIRECT_Small_Powder
182.41,2021-01-01,January,1,0,182.41,181.2443,NTM2_X1_A36_DIRECT_Small_Powder
184.21,2021-02-01,February,2,0,184.21,182.7022,NTM2_X1_A36_DIRECT_Small_Powder
183.21,2021-03-01,March,3,0,183.21,182.313,NTM2_X1_A36_DIRECT_Small_Powder
184.99,2021-04-01,April,4,0,184.99,182.6764,NTM2_X1_A36_DIRECT_Small_Powder
179.84,2021-05-01,May,5,0,179.84,182.0294,NTM2_X1_A36_DIRECT_Small_Powder
209.75,2020-07-01,July,7,0,209.75,209.75,NTM1_X2_A42_DIRECT_Small_Powder
171.2,2020-08-01,August,8,0,171.2,209.75,NTM1_X2_A42_DIRECT_Small_Powder
147.18,2020-09-01,September,9,0,147.18,171.7493,NTM1_X2_A42_DIRECT_Small_Powder
141.68,2020-10-01,October,10,0,141.68,173.6853,NTM1_X2_A42_DIRECT_Small_Powder
150.69,2020-11-01,November,11,0,150.69,175.6213,NTM1_X2_A42_DIRECT_Small_Powder
174.07,2020-12-01,December,12,0,174.07,177.5573,NTM1_X2_A42_DIRECT_Small_Powder
207.74,2021-01-01,January,1,0,207.74,179.4933,NTM1_X2_A42_DIRECT_Small_Powder
195.25,2021-02-01,February,2,0,195.25,207.74,NTM1_X2_A42_DIRECT_Small_Powder
188.0,2021-03-01,March,3,0,188.0,195.25,NTM1_X2_A42_DIRECT_Small_Powder
177.99,2021-04-01,April,4,0,177.99,188.0,NTM1_X2_A42_DIRECT_Small_Powder
189.58,2021-05-01,May,5,0,189.58,187.2373,NTM1_X2_A42_DIRECT_Small_Powder
10.69,2020-07-01,July,7,0,10.69,10.69,NTM3_X1_A14_DIRECT_Large_Liquid
20.29,2020-08-01,August,8,0,20.29,10.69,NTM3_X1_A14_DIRECT_Large_Liquid
-0.0,2020-09-01,September,9,0,-0.0,15.8087,NTM3_X1_A14_DIRECT_Large_Liquid
19.04,2020-10-01,October,10,0,19.04,-0.0,NTM3_X1_A14_DIRECT_Large_Liquid
8.55,2020-11-01,November,11,0,8.55,15.6284,NTM3_X1_A14_DIRECT_Large_Liquid
11.14,2020-12-01,December,12,0,11.14,8.55,NTM3_X1_A14_DIRECT_Large_Liquid
19.24,2021-01-01,January,1,0,19.24,11.14,NTM3_X1_A14_DIRECT_Large_Liquid
-0.0,2021-02-01,February,2,0,-0.0,15.6573,NTM3_X1_A14_DIRECT_Large_Liquid
0.22,2021-03-01,March,3,0,0.22,-0.0,NTM3_X1_A14_DIRECT_Large_Liquid
29.54,2021-04-01,April,4,0,29.54,0.22,NTM3_X1_A14_DIRECT_Large_Liquid
73.16,2021-05-01,May,5,1,42.835,17.143,NTM3_X1_A14_DIRECT_Large_Liquid
157.14,2020-07-01,July,7,0,157.14,159.8011,NTM1_X2_A43_DIRECT_Small_Powder
155.39,2020-08-01,August,8,0,155.39,160.0855,NTM1_X2_A43_DIRECT_Small_Powder
159.91,2020-09-01,September,9,0,159.91,159.304,NTM1_X2_A43_DIRECT_Small_Powder
163.75,2020-10-01,October,10,0,163.75,161.3225,NTM1_X2_A43_DIRECT_Small_Powder
169.67,2020-11-01,November,11,0,169.67,163.0373,NTM1_X2_A43_DIRECT_Small_Powder
169.06,2020-12-01,December,12,0,169.06,165.681,NTM1_X2_A43_DIRECT_Small_Powder
143.03,2021-01-01,January,1,1,143.83249999999995,165.4086,NTM1_X2_A43_DIRECT_Small_Powder
167.58,2021-02-01,February,2,0,167.58,154.1428,NTM1_X2_A43_DIRECT_Small_Powder
163.94,2021-03-01,March,3,0,163.94,164.7477,NTM1_X2_A43_DIRECT_Small_Powder
166.39,2021-04-01,April,4,0,166.39,163.1222,NTM1_X2_A43_DIRECT_Small_Powder
170.69,2021-05-01,May,5,0,170.69,164.2163,NTM1_X2_A43_DIRECT_Small_Powder
134.99,2020-07-01,July,7,0,134.99,138.9517,NTM2_X1_A11_DIRECT_Large_Liquid
152.2,2020-08-01,August,8,0,152.2,140.1197,NTM2_X1_A11_DIRECT_Large_Liquid
136.43,2020-09-01,September,9,0,136.43,146.1161,NTM2_X1_A11_DIRECT_Large_Liquid
135.44,2020-10-01,October,10,0,135.44,140.6555,NTM2_X1_A11_DIRECT_Large_Liquid
144.54,2020-11-01,November,11,0,144.54,140.2878,NTM2_X1_A11_DIRECT_Large_Liquid
146.93,2020-12-01,December,12,0,146.93,143.5547,NTM2_X1_A11_DIRECT_Large_Liquid
143.7,2021-01-01,January,1,0,143.7,144.3718,NTM2_X1_A11_DIRECT_Large_Liquid
145.19,2021-02-01,February,2,0,145.19,143.2635,NTM2_X1_A11_DIRECT_Large_Liquid
142.3,2021-03-01,March,3,0,142.3,143.7785,NTM2_X1_A11_DIRECT_Large_Liquid
144.97,2021-04-01,April,4,0,144.97,142.7736,NTM2_X1_A11_DIRECT_Large_Liquid
145.39,2021-05-01,May,5,0,145.39,143.7029,NTM2_X1_A11_DIRECT_Large_Liquid
135.26,2020-07-01,July,7,0,135.26,135.26,NTM2_X1_A10_ECOM_Large_Powder
137.39,2020-08-01,August,8,0,137.39,135.26,NTM2_X1_A10_ECOM_Large_Powder
137.81,2020-09-01,September,9,0,137.81,138.5467,NTM2_X1_A10_ECOM_Large_Powder
134.33,2020-10-01,October,10,0,134.33,142.1678,NTM2_X1_A10_ECOM_Large_Powder
144.59,2020-11-01,November,11,0,144.59,145.7889,NTM2_X1_A10_ECOM_Large_Powder
150.96,2020-12-01,December,12,0,150.96,149.41,NTM2_X1_A10_ECOM_Large_Powder
152.79,2021-01-01,January,1,0,152.79,153.0311,NTM2_X1_A10_ECOM_Large_Powder
150.81,2021-02-01,February,2,0,150.81,156.6522,NTM2_X1_A10_ECOM_Large_Powder
174.34,2021-03-01,March,3,0,174.34,160.2733,NTM2_X1_A10_ECOM_Large_Powder
152.72,2021-04-01,April,4,0,152.72,174.34,NTM2_X1_A10_ECOM_Large_Powder
172.51,2021-05-01,May,5,0,172.51,167.5155,NTM2_X1_A10_ECOM_Large_Powder
133.78,2020-07-01,July,7,0,133.78,133.78,NTM1_X1_A33_DIRECT_Large_Powder
133.3,2020-08-01,August,8,0,133.3,133.78,NTM1_X1_A33_DIRECT_Large_Powder
133.3,2020-09-01,September,9,0,133.3,133.4374,NTM1_X1_A33_DIRECT_Large_Powder
133.3,2020-10-01,October,10,0,133.3,133.4374,NTM1_X1_A33_DIRECT_Large_Powder
133.3,2020-11-01,November,11,0,133.3,133.4374,NTM1_X1_A33_DIRECT_Large_Powder
133.72,2020-12-01,December,12,0,133.72,133.4374,NTM1_X1_A33_DIRECT_Large_Powder
140.83,2021-01-01,January,1,1,134.42499999999998,133.72,NTM1_X1_A33_DIRECT_Large_Powder
133.81,2021-02-01,February,2,0,133.81,134.425,NTM1_X1_A33_DIRECT_Large_Powder
133.3,2021-03-01,March,3,0,133.3,133.81,NTM1_X1_A33_DIRECT_Large_Powder
133.3,2021-04-01,April,4,0,133.3,133.4374,NTM1_X1_A33_DIRECT_Large_Powder
133.3,2021-05-01,May,5,0,133.3,133.4374,NTM1_X1_A33_DIRECT_Large_Powder
41.9,2020-07-01,July,7,0,41.9,52.5348,NTM3_X1_A15_DIRECT_Large_Powder
68.58,2020-08-01,August,8,0,68.58,50.2025,NTM3_X1_A15_DIRECT_Large_Powder
60.83,2020-09-01,September,9,0,60.83,47.8717,NTM3_X1_A15_DIRECT_Large_Powder
51.06,2020-10-01,October,10,0,51.06,45.5406,NTM3_X1_A15_DIRECT_Large_Powder
41.11,2020-11-01,November,11,0,41.11,43.2091,NTM3_X1_A15_DIRECT_Large_Powder
12.27,2020-12-01,December,12,0,12.27,40.8772,NTM3_X1_A15_DIRECT_Large_Powder
36.78,2021-01-01,January,1,0,36.78,38.544,NTM3_X1_A15_DIRECT_Large_Powder
8.72,2021-02-01,February,2,0,8.72,36.2122,NTM3_X1_A15_DIRECT_Large_Powder
58.13,2021-03-01,March,3,0,58.13,33.879,NTM3_X1_A15_DIRECT_Large_Powder
26.98,2021-04-01,April,4,0,26.98,31.5485,NTM3_X1_A15_DIRECT_Large_Powder
43.29,2021-05-01,May,5,0,43.29,29.2165,NTM3_X1_A15_DIRECT_Large_Powder
22.42,2020-07-01,July,7,1,23.322499999999994,23.8817,NTM1_X2_A40_DIRECT_Large_Liquid
24.1,2020-08-01,August,8,0,24.1,23.6183,NTM1_X2_A40_DIRECT_Large_Liquid
24.25,2020-09-01,September,9,0,24.25,24.193,NTM1_X2_A40_DIRECT_Large_Liquid
24.24,2020-10-01,October,10,0,24.24,24.3037,NTM1_X2_A40_DIRECT_Large_Liquid
25.34,2020-11-01,November,11,0,25.34,24.2963,NTM1_X2_A40_DIRECT_Large_Liquid
24.55,2020-12-01,December,12,0,24.55,25.106,NTM1_X2_A40_DIRECT_Large_Liquid
24.84,2021-01-01,January,1,0,24.84,24.5248,NTM1_X2_A40_DIRECT_Large_Liquid
24.6,2021-02-01,February,2,0,24.6,24.7383,NTM1_X2_A40_DIRECT_Large_Liquid
24.6,2021-03-01,March,3,0,24.6,24.5616,NTM1_X2_A40_DIRECT_Large_Liquid
24.88,2021-04-01,April,4,0,24.88,24.5616,NTM1_X2_A40_DIRECT_Large_Liquid
24.92,2021-05-01,May,5,0,24.92,24.7678,NTM1_X2_A40_DIRECT_Large_Liquid
9.08,2020-07-01,July,7,0,9.08,36.2519,NTM2_X2_A32_RETAIL_Small_Powder
13.28,2020-08-01,August,8,0,13.28,11.8462,NTM2_X2_A32_RETAIL_Small_Powder
14.17,2020-09-01,September,9,0,14.17,15.6187,NTM2_X2_A32_RETAIL_Small_Powder
14.69,2020-10-01,October,10,0,14.69,16.418,NTM2_X2_A32_RETAIL_Small_Powder
12.38,2020-11-01,November,11,0,12.38,16.8851,NTM2_X2_A32_RETAIL_Small_Powder
28.98,2020-12-01,December,12,0,28.98,14.8103,NTM2_X2_A32_RETAIL_Small_Powder
26.36,2021-01-01,January,1,0,26.36,29.7203,NTM2_X2_A32_RETAIL_Small_Powder
57.47,2021-02-01,February,2,0,57.47,27.367,NTM2_X2_A32_RETAIL_Small_Powder
63.46,2021-03-01,March,3,0,63.46,57.47,NTM2_X2_A32_RETAIL_Small_Powder
63.28,2021-04-01,April,4,0,63.28,63.46,NTM2_X2_A32_RETAIL_Small_Powder
66.7,2021-05-01,May,5,0,66.7,63.28,NTM2_X2_A32_RETAIL_Small_Powder
73.42,2020-07-01,July,7,1,73.35500000000002,65.9887,NTM3_X1_A44_DIRECT_Small_Liquid
64.58,2020-08-01,August,8,0,64.58,62.1001,NTM3_X1_A44_DIRECT_Small_Liquid
64.84,2020-09-01,September,9,0,64.84,64.58,NTM3_X1_A44_DIRECT_Small_Liquid
64.51,2020-10-01,October,10,0,64.51,64.84,NTM3_X1_A44_DIRECT_Small_Liquid
65.04,2020-11-01,November,11,0,65.04,64.51,NTM3_X1_A44_DIRECT_Small_Liquid
66.05,2020-12-01,December,12,0,66.05,65.04,NTM3_X1_A44_DIRECT_Small_Liquid
70.13,2021-01-01,January,1,0,70.13,65.9563,NTM3_X1_A44_DIRECT_Small_Liquid
65.21,2021-02-01,February,2,0,65.21,63.8026,NTM3_X1_A44_DIRECT_Small_Liquid
64.58,2021-03-01,March,3,0,64.58,65.21,NTM3_X1_A44_DIRECT_Small_Liquid
58.06,2021-04-01,April,4,1,59.31499999999999,64.58,NTM3_X1_A44_DIRECT_Small_Liquid
79.86,2021-05-01,May,5,1,73.35500000000002,59.315,NTM3_X1_A44_DIRECT_Small_Liquid
135.26,2020-07-01,July,7,0,135.26,135.26,NTM2_X1_A5_DIRECT_Small_Powder
137.77,2020-08-01,August,8,0,137.77,135.26,NTM2_X1_A5_DIRECT_Small_Powder
136.06,2020-09-01,September,9,0,136.06,137.77,NTM2_X1_A5_DIRECT_Small_Powder
134.78,2020-10-01,October,10,0,134.78,138.0466,NTM2_X1_A5_DIRECT_Small_Powder
138.26,2020-11-01,November,11,0,138.26,139.8051,NTM2_X1_A5_DIRECT_Small_Powder
145.54,2020-12-01,December,12,0,145.54,141.5069,NTM2_X1_A5_DIRECT_Small_Powder
152.4,2021-01-01,January,1,0,152.4,145.54,NTM2_X1_A5_DIRECT_Small_Powder
149.74,2021-02-01,February,2,0,149.74,152.4,NTM2_X1_A5_DIRECT_Small_Powder
147.51,2021-03-01,March,3,0,147.51,149.74,NTM2_X1_A5_DIRECT_Small_Powder
149.67,2021-04-01,April,4,0,149.67,148.3462,NTM2_X1_A5_DIRECT_Small_Powder
147.73,2021-05-01,May,5,0,147.73,150.0354,NTM2_X1_A5_DIRECT_Small_Powder
128.52,2020-09-01,September,9,0,128.52,128.9711,NTM3_X1_A25_RETAIL_Large_Powder
129.33,2020-10-01,October,10,0,129.33,128.9711,NTM3_X1_A25_RETAIL_Large_Powder
130.17,2020-11-01,November,11,0,130.17,128.926,NTM3_X1_A25_RETAIL_Large_Powder
128.91,2020-12-01,December,12,0,128.91,128.6337,NTM3_X1_A25_RETAIL_Large_Powder
130.6,2021-01-01,January,1,1,130.59499999999997,128.9711,NTM3_X1_A25_RETAIL_Large_Powder
128.02,2021-02-01,February,2,0,128.02,128.4857,NTM3_X1_A25_RETAIL_Large_Powder
128.57,2021-03-01,March,3,0,128.57,128.9711,NTM3_X1_A25_RETAIL_Large_Powder
129.35,2021-04-01,April,4,0,129.35,128.9711,NTM3_X1_A25_RETAIL_Large_Powder
115.94,2021-05-01,May,5,1,127.27500000000003,128.9191,NTM3_X1_A25_RETAIL_Large_Powder
134.84,2020-07-01,July,7,0,134.84,136.0617,NTM2_X1_A7_DIRECT_Small_Powder
137.58,2020-08-01,August,8,0,137.58,136.5019,NTM2_X1_A7_DIRECT_Small_Powder
141.1,2020-09-01,September,9,0,141.1,138.3251,NTM2_X1_A7_DIRECT_Small_Powder
135.7,2020-10-01,October,10,0,135.7,140.5309,NTM2_X1_A7_DIRECT_Small_Powder
140.08,2020-11-01,November,11,0,140.08,138.2529,NTM2_X1_A7_DIRECT_Small_Powder
145.93,2020-12-01,December,12,0,145.93,140.9094,NTM2_X1_A7_DIRECT_Small_Powder
147.73,2021-01-01,January,1,0,147.73,144.2723,NTM2_X1_A7_DIRECT_Small_Powder
146.48,2021-02-01,February,2,0,146.48,145.6114,NTM2_X1_A7_DIRECT_Small_Powder
143.98,2021-03-01,March,3,0,143.98,145.4429,NTM2_X1_A7_DIRECT_Small_Powder
144.25,2021-04-01,April,4,0,144.25,144.6399,NTM2_X1_A7_DIRECT_Small_Powder
141.51,2021-05-01,May,5,0,141.51,145.2181,NTM2_X1_A7_DIRECT_Small_Powder
76.41,2020-07-01,July,7,0,76.41,76.8238,NTM1_X2_A21_DIRECT_Small_Powder
73.63,2020-08-01,August,8,0,73.63,76.6328,NTM1_X2_A21_DIRECT_Small_Powder
74.79,2020-09-01,September,9,0,74.79,74.6011,NTM1_X2_A21_DIRECT_Small_Powder
75.49,2020-10-01,October,10,0,75.49,75.4489,NTM1_X2_A21_DIRECT_Small_Powder
78.96,2020-11-01,November,11,0,78.96,75.9604,NTM1_X2_A21_DIRECT_Small_Powder
77.56,2020-12-01,December,12,0,77.56,78.4963,NTM1_X2_A21_DIRECT_Small_Powder
78.18,2021-01-01,January,1,0,78.18,77.4732,NTM1_X2_A21_DIRECT_Small_Powder
75.43,2021-02-01,February,2,0,75.43,77.9263,NTM1_X2_A21_DIRECT_Small_Powder
78.57,2021-03-01,March,3,0,78.57,75.9166,NTM1_X2_A21_DIRECT_Small_Powder
80.16,2021-04-01,April,4,0,80.16,78.2113,NTM1_X2_A21_DIRECT_Small_Powder
79.34,2021-05-01,May,5,0,79.34,79.3733,NTM1_X2_A21_DIRECT_Small_Powder
135.84,2020-07-01,July,7,0,135.84,134.4678,NTM2_X1_A10_DIRECT_Small_Powder
137.4,2020-08-01,August,8,0,137.4,135.3626,NTM2_X1_A10_DIRECT_Small_Powder
136.9,2020-09-01,September,9,0,136.9,137.0373,NTM2_X1_A10_DIRECT_Small_Powder
134.43,2020-10-01,October,10,0,134.43,137.6532,NTM2_X1_A10_DIRECT_Small_Powder
139.94,2020-11-01,November,11,0,139.94,137.3129,NTM2_X1_A10_DIRECT_Small_Powder
148.14,2020-12-01,December,12,0,148.14,140.9338,NTM2_X1_A10_DIRECT_Small_Powder
150.07,2021-01-01,January,1,0,150.07,145.9284,NTM2_X1_A10_DIRECT_Small_Powder
149.52,2021-02-01,February,2,0,149.52,147.7832,NTM2_X1_A10_DIRECT_Small_Powder
148.23,2021-03-01,March,3,0,148.23,148.3076,NTM2_X1_A10_DIRECT_Small_Powder
149.44,2021-04-01,April,4,0,149.44,148.5459,NTM2_X1_A10_DIRECT_Small_Powder
149.63,2021-05-01,May,5,0,149.63,150.0058,NTM2_X1_A10_DIRECT_Small_Powder
56.95,2020-07-01,July,7,0,56.95,95.519,NTM2_X1_A29_DIRECT_Large_Powder
56.52,2020-08-01,August,8,0,56.52,76.5516,NTM2_X1_A29_DIRECT_Large_Powder
56.52,2020-09-01,September,9,0,56.52,76.3402,NTM2_X1_A29_DIRECT_Large_Powder
51.37,2020-10-01,October,10,0,51.37,76.3402,NTM2_X1_A29_DIRECT_Large_Powder
57.75,2020-11-01,November,11,0,57.75,73.8075,NTM2_X1_A29_DIRECT_Large_Powder
161.4,2020-12-01,December,12,0,161.4,76.9451,NTM2_X1_A29_DIRECT_Large_Powder
152.7,2021-01-01,January,1,0,152.7,161.4,NTM2_X1_A29_DIRECT_Large_Powder
183.54,2021-02-01,February,2,0,183.54,152.7,NTM2_X1_A29_DIRECT_Large_Powder
205.91,2021-03-01,March,3,0,205.91,183.54,NTM2_X1_A29_DIRECT_Large_Powder
56.52,2021-04-01,April,4,0,56.52,205.91,NTM2_X1_A29_DIRECT_Large_Powder
71.8,2021-05-01,May,5,0,71.8,76.3402,NTM2_X1_A29_DIRECT_Large_Powder
106.4,2020-07-01,July,7,0,106.4,106.4,NTM2_X1_A16_DIRECT_Small_Powder
164.62,2020-08-01,August,8,1,147.0425,106.4,NTM2_X1_A16_DIRECT_Small_Powder
97.15,2020-09-01,September,9,0,97.15,110.2263,NTM2_X1_A16_DIRECT_Small_Powder
96.2,2020-10-01,October,10,0,96.2,97.15,NTM2_X1_A16_DIRECT_Small_Powder
118.5,2020-11-01,November,11,0,118.5,96.2,NTM2_X1_A16_DIRECT_Small_Powder
99.16,2020-12-01,December,12,0,99.16,110.9328,NTM2_X1_A16_DIRECT_Small_Powder
99.48,2021-01-01,January,1,0,99.48,99.16,NTM2_X1_A16_DIRECT_Small_Powder
97.7,2021-02-01,February,2,0,97.7,99.48,NTM2_X1_A16_DIRECT_Small_Powder
97.86,2021-03-01,March,3,0,97.86,97.7,NTM2_X1_A16_DIRECT_Small_Powder
116.47,2021-04-01,April,4,0,116.47,97.86,NTM2_X1_A16_DIRECT_Small_Powder
187.0,2021-05-01,May,5,1,147.0425,110.983,NTM2_X1_A16_DIRECT_Small_Powder
64.35,2020-09-01,September,9,0,64.35,64.35,NTM3_X1_A25_RETAIL_Small_Powder
65.84,2020-10-01,October,10,0,65.84,64.35,NTM3_X1_A25_RETAIL_Small_Powder
67.19,2020-11-01,November,11,0,67.19,65.275,NTM3_X1_A25_RETAIL_Small_Powder
64.52,2020-12-01,December,12,0,64.52,65.275,NTM3_X1_A25_RETAIL_Small_Powder
64.33,2021-01-01,January,1,0,64.33,64.52,NTM3_X1_A25_RETAIL_Small_Powder
64.29,2021-02-01,February,2,0,64.29,64.33,NTM3_X1_A25_RETAIL_Small_Powder
64.2,2021-03-01,March,3,0,64.2,64.29,NTM3_X1_A25_RETAIL_Small_Powder
64.65,2021-04-01,April,4,0,64.65,64.2,NTM3_X1_A25_RETAIL_Small_Powder
70.13,2021-05-01,May,5,1,68.10500000000002,64.65,NTM3_X1_A25_RETAIL_Small_Powder
135.42,2020-07-01,July,7,0,135.42,142.9126,NTM1_X1_A3_DIRECT_Large_Liquid
136.59,2020-08-01,August,8,0,136.59,136.4726,NTM1_X1_A3_DIRECT_Large_Liquid
138.73,2020-09-01,September,9,0,138.73,137.4782,NTM1_X1_A3_DIRECT_Large_Liquid
136.27,2020-10-01,October,10,0,136.27,139.3176,NTM1_X1_A3_DIRECT_Large_Liquid
135.55,2020-11-01,November,11,0,135.55,137.2032,NTM1_X1_A3_DIRECT_Large_Liquid
144.61,2020-12-01,December,12,0,144.61,136.5843,NTM1_X1_A3_DIRECT_Large_Liquid
149.4,2021-01-01,January,1,0,149.4,144.61,NTM1_X1_A3_DIRECT_Large_Liquid
149.63,2021-02-01,February,2,0,149.63,149.4,NTM1_X1_A3_DIRECT_Large_Liquid
148.16,2021-03-01,March,3,0,148.16,149.63,NTM1_X1_A3_DIRECT_Large_Liquid
149.5,2021-04-01,April,4,0,149.5,148.16,NTM1_X1_A3_DIRECT_Large_Liquid
150.12,2021-05-01,May,5,0,150.12,149.5,NTM1_X1_A3_DIRECT_Large_Liquid
133.65,2020-07-01,July,7,0,133.65,132.8147,NTM1_X1_A11_DIRECT_Large_Powder
136.62,2020-08-01,August,8,0,136.62,133.8081,NTM1_X1_A11_DIRECT_Large_Powder
138.04,2020-09-01,September,9,0,138.04,136.2866,NTM1_X1_A11_DIRECT_Large_Powder
135.62,2020-10-01,October,10,0,135.62,137.958,NTM1_X1_A11_DIRECT_Large_Powder
141.82,2020-11-01,November,11,0,141.82,137.7415,NTM1_X1_A11_DIRECT_Large_Powder
147.31,2020-12-01,December,12,0,147.31,141.8029,NTM1_X1_A11_DIRECT_Large_Powder
146.78,2021-01-01,January,1,0,146.78,145.5192,NTM1_X1_A11_DIRECT_Large_Powder
144.64,2021-02-01,February,2,0,144.64,145.5585,NTM1_X1_A11_DIRECT_Large_Powder
142.62,2021-03-01,March,3,0,142.62,144.7572,NTM1_X1_A11_DIRECT_Large_Powder
147.51,2021-04-01,April,4,0,147.51,144.0434,NTM1_X1_A11_DIRECT_Large_Powder
145.49,2021-05-01,May,5,0,145.49,146.7751,NTM1_X1_A11_DIRECT_Large_Powder
134.44,2020-07-01,July,7,0,134.44,140.6834,NTM1_X1_A3_DIRECT_Large_Powder
133.95,2020-08-01,August,8,0,133.95,137.0934,NTM1_X1_A3_DIRECT_Large_Powder
134.94,2020-09-01,September,9,0,134.94,136.8116,NTM1_X1_A3_DIRECT_Large_Powder
136.0,2020-10-01,October,10,0,136.0,137.3809,NTM1_X1_A3_DIRECT_Large_Powder
134.04,2020-11-01,November,11,0,134.04,138.8022,NTM1_X1_A3_DIRECT_Large_Powder
142.11,2020-12-01,December,12,0,142.11,140.3736,NTM1_X1_A3_DIRECT_Large_Powder
141.25,2021-01-01,January,1,0,141.25,141.9451,NTM1_X1_A3_DIRECT_Large_Powder
150.03,2021-02-01,February,2,0,150.03,143.5165,NTM1_X1_A3_DIRECT_Large_Powder
148.57,2021-03-01,March,3,0,148.57,146.0578,NTM1_X1_A3_DIRECT_Large_Powder
139.2,2021-04-01,April,4,0,139.2,146.6595,NTM1_X1_A3_DIRECT_Large_Powder
149.58,2021-05-01,May,5,0,149.58,148.2309,NTM1_X1_A3_DIRECT_Large_Powder
58.65,2020-07-01,July,7,1,54.9975,51.9642,NTM3_X1_A13_DIRECT_Large_Powder
51.88,2020-08-01,August,8,0,51.88,50.7073,NTM3_X1_A13_DIRECT_Large_Powder
41.05,2020-09-01,September,9,0,41.05,47.8917,NTM3_X1_A13_DIRECT_Large_Powder
32.75,2020-10-01,October,10,0,32.75,41.2199,NTM3_X1_A13_DIRECT_Large_Powder
32.03,2020-11-01,November,11,0,32.03,35.813,NTM3_X1_A13_DIRECT_Large_Powder
39.94,2020-12-01,December,12,0,39.94,34.1961,NTM3_X1_A13_DIRECT_Large_Powder
22.27,2021-01-01,January,1,0,22.27,36.8943,NTM3_X1_A13_DIRECT_Large_Powder
41.09,2021-02-01,February,2,0,41.09,26.8024,NTM3_X1_A13_DIRECT_Large_Powder
31.54,2021-03-01,March,3,0,31.54,34.9555,NTM3_X1_A13_DIRECT_Large_Powder
34.58,2021-04-01,April,4,0,34.58,28.9237,NTM3_X1_A13_DIRECT_Large_Powder
4.74,2021-05-01,May,5,1,17.8575,29.1868,NTM3_X1_A13_DIRECT_Large_Powder
108.09,2020-07-01,July,7,0,108.09,105.2111,NTM1_X1_A1_DIRECT_Small_Powder
99.69,2020-08-01,August,8,0,99.69,103.3172,NTM1_X1_A1_DIRECT_Small_Powder
103.87,2020-09-01,September,9,0,103.87,101.8802,NTM1_X1_A1_DIRECT_Small_Powder
92.44,2020-10-01,October,10,0,92.44,102.5953,NTM1_X1_A1_DIRECT_Small_Powder
106.32,2020-11-01,November,11,0,106.32,100.6399,NTM1_X1_A1_DIRECT_Small_Powder
109.12,2020-12-01,December,12,0,109.12,103.0144,NTM1_X1_A1_DIRECT_Small_Powder
98.16,2021-01-01,January,1,0,98.16,103.4934,NTM1_X1_A1_DIRECT_Small_Powder
98.77,2021-02-01,February,2,0,98.77,101.6184,NTM1_X1_A1_DIRECT_Small_Powder
109.14,2021-03-01,March,3,0,109.14,101.7228,NTM1_X1_A1_DIRECT_Small_Powder
93.27,2021-04-01,April,4,0,93.27,103.4968,NTM1_X1_A1_DIRECT_Small_Powder
113.51,2021-05-01,May,5,0,113.51,100.7819,NTM1_X1_A1_DIRECT_Small_Powder
196.41,2020-07-01,July,7,0,196.41,196.6918,NTM2_X1_A28_DIRECT_Large_Powder
194.08,2020-08-01,August,8,0,194.08,198.8995,NTM2_X1_A28_DIRECT_Large_Powder
196.59,2020-09-01,September,9,0,196.59,201.1071,NTM2_X1_A28_DIRECT_Large_Powder
222.13,2020-10-01,October,10,0,222.13,203.3147,NTM2_X1_A28_DIRECT_Large_Powder
197.59,2020-11-01,November,11,0,197.59,205.5224,NTM2_X1_A28_DIRECT_Large_Powder
198.28,2020-12-01,December,12,0,198.28,207.73,NTM2_X1_A28_DIRECT_Large_Powder
216.69,2021-01-01,January,1,0,216.69,209.9376,NTM2_X1_A28_DIRECT_Large_Powder
217.13,2021-02-01,February,2,0,217.13,212.1453,NTM2_X1_A28_DIRECT_Large_Powder
214.75,2021-03-01,March,3,0,214.75,214.3529,NTM2_X1_A28_DIRECT_Large_Powder
219.27,2021-04-01,April,4,0,219.27,216.5605,NTM2_X1_A28_DIRECT_Large_Powder
212.11,2021-05-01,May,5,0,212.11,218.7682,NTM2_X1_A28_DIRECT_Large_Powder
114.49,2020-09-01,September,9,0,114.49,101.2006,NTM2_X2_A21_RETAIL_Large_Powder
77.3,2020-10-01,October,10,0,77.3,102.5318,NTM2_X2_A21_RETAIL_Large_Powder
75.96,2020-11-01,November,11,0,75.96,100.8778,NTM2_X2_A21_RETAIL_Large_Powder
108.47,2020-12-01,December,12,0,108.47,100.8778,NTM2_X2_A21_RETAIL_Large_Powder
90.22,2021-01-01,January,1,0,90.22,101.9288,NTM2_X2_A21_RETAIL_Large_Powder
105.97,2021-02-01,February,2,0,105.97,100.8778,NTM2_X2_A21_RETAIL_Large_Powder
114.25,2021-03-01,March,3,0,114.25,101.6783,NTM2_X2_A21_RETAIL_Large_Powder
106.64,2021-04-01,April,4,0,106.64,102.5078,NTM2_X2_A21_RETAIL_Large_Powder
114.6,2021-05-01,May,5,0,114.6,101.7454,NTM2_X2_A21_RETAIL_Large_Powder
133.82,2020-07-01,July,7,0,133.82,132.8346,NTM1_X1_A6_DIRECT_Large_Powder
136.48,2020-08-01,August,8,0,136.48,133.8334,NTM1_X1_A6_DIRECT_Large_Powder
138.1,2020-09-01,September,9,0,138.1,136.1622,NTM1_X1_A6_DIRECT_Large_Powder
135.76,2020-10-01,October,10,0,135.76,137.9388,NTM1_X1_A6_DIRECT_Large_Powder
141.78,2020-11-01,November,11,0,141.78,137.7676,NTM1_X1_A6_DIRECT_Large_Powder
146.46,2020-12-01,December,12,0,146.46,141.7442,NTM1_X1_A6_DIRECT_Large_Powder
144.04,2021-01-01,January,1,0,144.04,145.0485,NTM1_X1_A6_DIRECT_Large_Powder
142.88,2021-02-01,February,2,0,142.88,143.766,NTM1_X1_A6_DIRECT_Large_Powder
143.91,2021-03-01,March,3,0,143.91,143.1166,NTM1_X1_A6_DIRECT_Large_Powder
143.93,2021-04-01,April,4,0,143.93,143.5538,NTM1_X1_A6_DIRECT_Large_Powder
141.12,2021-05-01,May,5,0,141.12,143.4885,NTM1_X1_A6_DIRECT_Large_Powder
2412.38,2020-07-01,July,7,0,2412.38,1625.1502,NTM2_X1_A23_RETAIL_Large_Powder
454.15,2020-08-01,August,8,0,454.15,1467.2903,NTM2_X1_A23_RETAIL_Large_Powder
8325.72,2020-09-01,September,9,1,3042.3324999999995,684.5132,NTM2_X1_A23_RETAIL_Large_Powder
27.29,2020-10-01,October,10,0,27.29,1719.1057,NTM2_X1_A23_RETAIL_Large_Powder
980.32,2020-11-01,November,11,0,980.32,513.8814,NTM2_X1_A23_RETAIL_Large_Powder
1542.7,2020-12-01,December,12,0,1542.7,894.8428,NTM2_X1_A23_RETAIL_Large_Powder
330.12,2021-01-01,January,1,0,330.12,1119.647,NTM2_X1_A23_RETAIL_Large_Powder
402.47,2021-02-01,February,2,0,402.47,634.9338,NTM2_X1_A23_RETAIL_Large_Powder
46.44,2021-03-01,March,3,0,46.44,663.8548,NTM2_X1_A23_RETAIL_Large_Powder
16.87,2021-04-01,April,4,0,16.87,521.5364,NTM2_X1_A23_RETAIL_Large_Powder
102.15,2021-05-01,May,5,0,102.15,509.7162,NTM2_X1_A23_RETAIL_Large_Powder
132.85,2020-07-01,July,7,0,132.85,141.8161,NTM1_X1_A3_DIRECT_Small_Powder
136.4,2020-08-01,August,8,0,136.4,133.935,NTM1_X1_A3_DIRECT_Small_Powder
137.18,2020-09-01,September,9,0,137.18,137.0554,NTM1_X1_A3_DIRECT_Small_Powder
133.22,2020-10-01,October,10,0,133.22,137.741,NTM1_X1_A3_DIRECT_Small_Powder
135.48,2020-11-01,November,11,0,135.48,134.2603,NTM1_X1_A3_DIRECT_Small_Powder
143.65,2020-12-01,December,12,0,143.65,136.2468,NTM1_X1_A3_DIRECT_Small_Powder
149.48,2021-01-01,January,1,0,149.48,143.65,NTM1_X1_A3_DIRECT_Small_Powder
149.75,2021-02-01,February,2,0,149.75,149.48,NTM1_X1_A3_DIRECT_Small_Powder
148.18,2021-03-01,March,3,0,148.18,149.75,NTM1_X1_A3_DIRECT_Small_Powder
149.5,2021-04-01,April,4,0,149.5,148.18,NTM1_X1_A3_DIRECT_Small_Powder
150.0,2021-05-01,May,5,0,150.0,149.5,NTM1_X1_A3_DIRECT_Small_Powder
38.58,2020-07-01,July,7,0,38.58,38.58,NTM2_X1_A26_DIRECT_Small_Powder
42.56,2020-08-01,August,8,0,42.56,38.58,NTM2_X1_A26_DIRECT_Small_Powder
38.98,2020-09-01,September,9,0,38.98,39.4539,NTM2_X1_A26_DIRECT_Small_Powder
38.92,2020-10-01,October,10,0,38.92,38.98,NTM2_X1_A26_DIRECT_Small_Powder
40.77,2020-11-01,November,11,0,40.77,38.92,NTM2_X1_A26_DIRECT_Small_Powder
41.16,2020-12-01,December,12,0,41.16,39.513,NTM2_X1_A26_DIRECT_Small_Powder
39.95,2021-01-01,January,1,0,39.95,39.5001,NTM2_X1_A26_DIRECT_Small_Powder
39.55,2021-02-01,February,2,0,39.55,39.54,NTM2_X1_A26_DIRECT_Small_Powder
37.42,2021-03-01,March,3,0,37.42,39.55,NTM2_X1_A26_DIRECT_Small_Powder
39.0,2021-04-01,April,4,0,39.0,37.42,NTM2_X1_A26_DIRECT_Small_Powder
38.11,2021-05-01,May,5,0,38.11,39.0,NTM2_X1_A26_DIRECT_Small_Powder
266.04,2020-07-01,July,7,0,266.04,243.4868,NTM1_X2_A42_DIRECT_Large_Powder
226.99,2020-08-01,August,8,0,226.99,243.0388,NTM1_X2_A42_DIRECT_Large_Powder
193.7,2020-09-01,September,9,0,193.7,223.0658,NTM1_X2_A42_DIRECT_Large_Powder
195.01,2020-10-01,October,10,0,195.01,205.9728,NTM1_X2_A42_DIRECT_Large_Powder
203.24,2020-11-01,November,11,0,203.24,206.1798,NTM1_X2_A42_DIRECT_Large_Powder
194.42,2020-12-01,December,12,0,194.42,209.8468,NTM1_X2_A42_DIRECT_Large_Powder
226.66,2021-01-01,January,1,0,226.66,204.9888,NTM1_X2_A42_DIRECT_Large_Powder
197.22,2021-02-01,February,2,0,197.22,220.6608,NTM1_X2_A42_DIRECT_Large_Powder
233.95,2021-03-01,March,3,0,233.95,205.4928,NTM1_X2_A42_DIRECT_Large_Powder
227.79,2021-04-01,April,4,0,227.79,223.4098,NTM1_X2_A42_DIRECT_Large_Powder
215.97,2021-05-01,May,5,0,215.97,219.8818,NTM1_X2_A42_DIRECT_Large_Powder
200.0,2020-07-01,July,7,0,200.0,204.2846,NTM2_X1_A38_DIRECT_Small_Powder
190.8,2020-08-01,August,8,0,190.8,203.3863,NTM2_X1_A38_DIRECT_Small_Powder
200.0,2020-09-01,September,9,0,200.0,197.8218,NTM2_X1_A38_DIRECT_Small_Powder
220.88,2020-10-01,October,10,0,220.88,203.3863,NTM2_X1_A38_DIRECT_Small_Powder
226.49,2020-11-01,November,11,0,226.49,216.0152,NTM2_X1_A38_DIRECT_Small_Powder
190.74,2020-12-01,December,12,0,190.74,219.4084,NTM2_X1_A38_DIRECT_Small_Powder
208.33,2021-01-01,January,1,0,208.33,197.7855,NTM2_X1_A38_DIRECT_Small_Powder
223.09,2021-02-01,February,2,0,223.09,208.4245,NTM2_X1_A38_DIRECT_Small_Powder
228.49,2021-03-01,March,3,0,228.49,217.3519,NTM2_X1_A38_DIRECT_Small_Powder
210.9,2021-04-01,April,4,0,210.9,220.6181,NTM2_X1_A38_DIRECT_Small_Powder
199.26,2021-05-01,May,5,0,199.26,209.979,NTM2_X1_A38_DIRECT_Small_Powder
